COPY katedra (id, sifra, naziv) FROM stdin;
1	KiI	Katedra za računarstvo i informatiku
2	AU	Katedra za automatiku
3	EL	Katedra za elektroniku
4	TK	Katedra za telekomunikacije
\.
SELECT setval(pg_get_serial_sequence('katedra','id'), (SELECT MAX(id) FROM katedra));
COPY studijski_program (id, sifra, naziv, stepen, katedra_id) FROM stdin;
1	RI	Računarska i informaciona tehnologija	Osnovne akademske studije	1
2	SI	Softversko inženjerstvo	Osnovne akademske studije	1
3	AUT	Automatika i upravljanje sistemima	Osnovne akademske studije	2
4	EE	Elektroenergetika	Osnovne akademske studije	3
5	RT	Radiokomunikacije	Osnovne akademske studije	4
6	TK	Telekomunikacije	Master akademske studije	4
\.
SELECT setval(pg_get_serial_sequence('studijski_program','id'), (SELECT MAX(id) FROM studijski_program));
INSERT INTO korisnik (id, email, lozinka_hash, ime, prezime, uloga) VALUES (1, 'sef.kii@ftn.rs', '$2b$10$qwd3eKUDGgKY0GdDTsPSkuN4PLY8O3r/XNLfIbzpP/yLH63zmjylm', 'Marko', 'Petrović', 'SEF_KATEDRE');
INSERT INTO korisnik (id, email, lozinka_hash, ime, prezime, uloga) VALUES (2, 'sef.au@ftn.rs', '$2b$10$qwd3eKUDGgKY0GdDTsPSkuN4PLY8O3r/XNLfIbzpP/yLH63zmjylm', 'Ana', 'Nikolić', 'SEF_KATEDRE');
INSERT INTO korisnik (id, email, lozinka_hash, ime, prezime, uloga) VALUES (3, 'sef.el@ftn.rs', '$2b$10$qwd3eKUDGgKY0GdDTsPSkuN4PLY8O3r/XNLfIbzpP/yLH63zmjylm', 'Jovan', 'Jovanović', 'SEF_KATEDRE');
INSERT INTO korisnik (id, email, lozinka_hash, ime, prezime, uloga) VALUES (4, 'sef.tk@ftn.rs', '$2b$10$qwd3eKUDGgKY0GdDTsPSkuN4PLY8O3r/XNLfIbzpP/yLH63zmjylm', 'Milica', 'Stanković', 'SEF_KATEDRE');
INSERT INTO korisnik (id, email, lozinka_hash, ime, prezime, uloga) VALUES (5, 'prof01@ftn.rs', '$2b$10$2ZpS.pyrdcs2m4qt8Vhdn.RBQZXRc8h.J92lYOYM8ygykpRmo.UTm', 'Milan', 'Ilić', 'PROFESOR');
INSERT INTO korisnik (id, email, lozinka_hash, ime, prezime, uloga) VALUES (6, 'prof02@ftn.rs', '$2b$10$2ZpS.pyrdcs2m4qt8Vhdn.RBQZXRc8h.J92lYOYM8ygykpRmo.UTm', 'Jelena', 'Đorđević', 'PROFESOR');
INSERT INTO korisnik (id, email, lozinka_hash, ime, prezime, uloga) VALUES (7, 'prof03@ftn.rs', '$2b$10$2ZpS.pyrdcs2m4qt8Vhdn.RBQZXRc8h.J92lYOYM8ygykpRmo.UTm', 'Stefan', 'Popović', 'PROFESOR');
INSERT INTO korisnik (id, email, lozinka_hash, ime, prezime, uloga) VALUES (8, 'prof04@ftn.rs', '$2b$10$2ZpS.pyrdcs2m4qt8Vhdn.RBQZXRc8h.J92lYOYM8ygykpRmo.UTm', 'Ivana', 'Đurić', 'PROFESOR');
INSERT INTO korisnik (id, email, lozinka_hash, ime, prezime, uloga) VALUES (9, 'prof05@ftn.rs', '$2b$10$2ZpS.pyrdcs2m4qt8Vhdn.RBQZXRc8h.J92lYOYM8ygykpRmo.UTm', 'Nikola', 'Kostić', 'PROFESOR');
INSERT INTO korisnik (id, email, lozinka_hash, ime, prezime, uloga) VALUES (10, 'prof06@ftn.rs', '$2b$10$2ZpS.pyrdcs2m4qt8Vhdn.RBQZXRc8h.J92lYOYM8ygykpRmo.UTm', 'Tamara', 'Marković', 'PROFESOR');
INSERT INTO korisnik (id, email, lozinka_hash, ime, prezime, uloga) VALUES (11, 'prof07@ftn.rs', '$2b$10$2ZpS.pyrdcs2m4qt8Vhdn.RBQZXRc8h.J92lYOYM8ygykpRmo.UTm', 'Milan', 'Ilić', 'PROFESOR');
INSERT INTO korisnik (id, email, lozinka_hash, ime, prezime, uloga) VALUES (12, 'prof08@ftn.rs', '$2b$10$2ZpS.pyrdcs2m4qt8Vhdn.RBQZXRc8h.J92lYOYM8ygykpRmo.UTm', 'Jelena', 'Đorđević', 'PROFESOR');
INSERT INTO korisnik (id, email, lozinka_hash, ime, prezime, uloga) VALUES (13, 'prof09@ftn.rs', '$2b$10$2ZpS.pyrdcs2m4qt8Vhdn.RBQZXRc8h.J92lYOYM8ygykpRmo.UTm', 'Stefan', 'Popović', 'PROFESOR');
INSERT INTO korisnik (id, email, lozinka_hash, ime, prezime, uloga) VALUES (14, 'prof10@ftn.rs', '$2b$10$2ZpS.pyrdcs2m4qt8Vhdn.RBQZXRc8h.J92lYOYM8ygykpRmo.UTm', 'Ivana', 'Đurić', 'PROFESOR');
INSERT INTO korisnik (id, email, lozinka_hash, ime, prezime, uloga) VALUES (15, 'prof11@ftn.rs', '$2b$10$2ZpS.pyrdcs2m4qt8Vhdn.RBQZXRc8h.J92lYOYM8ygykpRmo.UTm', 'Nikola', 'Kostić', 'PROFESOR');
INSERT INTO korisnik (id, email, lozinka_hash, ime, prezime, uloga) VALUES (16, 'prof12@ftn.rs', '$2b$10$2ZpS.pyrdcs2m4qt8Vhdn.RBQZXRc8h.J92lYOYM8ygykpRmo.UTm', 'Tamara', 'Marković', 'PROFESOR');
INSERT INTO korisnik (id, email, lozinka_hash, ime, prezime, uloga) VALUES (17, 'prof13@ftn.rs', '$2b$10$2ZpS.pyrdcs2m4qt8Vhdn.RBQZXRc8h.J92lYOYM8ygykpRmo.UTm', 'Milan', 'Ilić', 'PROFESOR');
INSERT INTO korisnik (id, email, lozinka_hash, ime, prezime, uloga) VALUES (18, 'prof14@ftn.rs', '$2b$10$2ZpS.pyrdcs2m4qt8Vhdn.RBQZXRc8h.J92lYOYM8ygykpRmo.UTm', 'Jelena', 'Đorđević', 'PROFESOR');
INSERT INTO korisnik (id, email, lozinka_hash, ime, prezime, uloga) VALUES (19, 'prof15@ftn.rs', '$2b$10$2ZpS.pyrdcs2m4qt8Vhdn.RBQZXRc8h.J92lYOYM8ygykpRmo.UTm', 'Stefan', 'Popović', 'PROFESOR');
INSERT INTO korisnik (id, email, lozinka_hash, ime, prezime, uloga) VALUES (20, 'prof16@ftn.rs', '$2b$10$2ZpS.pyrdcs2m4qt8Vhdn.RBQZXRc8h.J92lYOYM8ygykpRmo.UTm', 'Ivana', 'Đurić', 'PROFESOR');
INSERT INTO korisnik (id, email, lozinka_hash, ime, prezime, uloga) VALUES (21, 'student001@ftn.rs', '$2b$10$hMXAwDItlGBkyfADXNw5sOlYQ9aXupplixf5.AClWSNUUaLg42yrq', 'Sara', 'Simić', 'STUDENT');
INSERT INTO student (id, korisnik_id, broj_indeksa, studijski_program_id, godina_upisa) VALUES (1, 21, 'RA 001/19', 1, 2019);
INSERT INTO korisnik (id, email, lozinka_hash, ime, prezime, uloga) VALUES (22, 'student002@ftn.rs', '$2b$10$hMXAwDItlGBkyfADXNw5sOlYQ9aXupplixf5.AClWSNUUaLg42yrq', 'Vuk', 'Čukić', 'STUDENT');
INSERT INTO student (id, korisnik_id, broj_indeksa, studijski_program_id, godina_upisa) VALUES (2, 22, 'RA 002/20', 2, 2020);
INSERT INTO korisnik (id, email, lozinka_hash, ime, prezime, uloga) VALUES (23, 'student003@ftn.rs', '$2b$10$hMXAwDItlGBkyfADXNw5sOlYQ9aXupplixf5.AClWSNUUaLg42yrq', 'Teodora', 'Ristić', 'STUDENT');
INSERT INTO student (id, korisnik_id, broj_indeksa, studijski_program_id, godina_upisa) VALUES (3, 23, 'RA 003/21', 3, 2021);
INSERT INTO korisnik (id, email, lozinka_hash, ime, prezime, uloga) VALUES (24, 'student004@ftn.rs', '$2b$10$hMXAwDItlGBkyfADXNw5sOlYQ9aXupplixf5.AClWSNUUaLg42yrq', 'Sara', 'Pavić', 'STUDENT');
INSERT INTO student (id, korisnik_id, broj_indeksa, studijski_program_id, godina_upisa) VALUES (4, 24, 'RA 004/22', 4, 2022);
INSERT INTO korisnik (id, email, lozinka_hash, ime, prezime, uloga) VALUES (25, 'student005@ftn.rs', '$2b$10$hMXAwDItlGBkyfADXNw5sOlYQ9aXupplixf5.AClWSNUUaLg42yrq', 'Uroš', 'Simić', 'STUDENT');
INSERT INTO student (id, korisnik_id, broj_indeksa, studijski_program_id, godina_upisa) VALUES (5, 25, 'RA 005/23', 5, 2023);
INSERT INTO korisnik (id, email, lozinka_hash, ime, prezime, uloga) VALUES (26, 'student006@ftn.rs', '$2b$10$hMXAwDItlGBkyfADXNw5sOlYQ9aXupplixf5.AClWSNUUaLg42yrq', 'Luka', 'Pavić', 'STUDENT');
INSERT INTO student (id, korisnik_id, broj_indeksa, studijski_program_id, godina_upisa) VALUES (6, 26, 'RA 006/19', 6, 2019);
INSERT INTO korisnik (id, email, lozinka_hash, ime, prezime, uloga) VALUES (27, 'student007@ftn.rs', '$2b$10$hMXAwDItlGBkyfADXNw5sOlYQ9aXupplixf5.AClWSNUUaLg42yrq', 'Teodora', 'Čukić', 'STUDENT');
INSERT INTO student (id, korisnik_id, broj_indeksa, studijski_program_id, godina_upisa) VALUES (7, 27, 'RA 007/20', 1, 2020);
INSERT INTO korisnik (id, email, lozinka_hash, ime, prezime, uloga) VALUES (28, 'student008@ftn.rs', '$2b$10$hMXAwDItlGBkyfADXNw5sOlYQ9aXupplixf5.AClWSNUUaLg42yrq', 'Luka', 'Čukić', 'STUDENT');
INSERT INTO student (id, korisnik_id, broj_indeksa, studijski_program_id, godina_upisa) VALUES (8, 28, 'RA 008/21', 2, 2021);
INSERT INTO korisnik (id, email, lozinka_hash, ime, prezime, uloga) VALUES (29, 'student009@ftn.rs', '$2b$10$hMXAwDItlGBkyfADXNw5sOlYQ9aXupplixf5.AClWSNUUaLg42yrq', 'Uroš', 'Čukić', 'STUDENT');
INSERT INTO student (id, korisnik_id, broj_indeksa, studijski_program_id, godina_upisa) VALUES (9, 29, 'RA 009/22', 3, 2022);
INSERT INTO korisnik (id, email, lozinka_hash, ime, prezime, uloga) VALUES (30, 'student010@ftn.rs', '$2b$10$hMXAwDItlGBkyfADXNw5sOlYQ9aXupplixf5.AClWSNUUaLg42yrq', 'Hana', 'Milić', 'STUDENT');
INSERT INTO student (id, korisnik_id, broj_indeksa, studijski_program_id, godina_upisa) VALUES (10, 30, 'RA 010/23', 4, 2023);
INSERT INTO korisnik (id, email, lozinka_hash, ime, prezime, uloga) VALUES (31, 'student011@ftn.rs', '$2b$10$hMXAwDItlGBkyfADXNw5sOlYQ9aXupplixf5.AClWSNUUaLg42yrq', 'Luka', 'Ristić', 'STUDENT');
INSERT INTO student (id, korisnik_id, broj_indeksa, studijski_program_id, godina_upisa) VALUES (11, 31, 'RA 011/19', 5, 2019);
INSERT INTO korisnik (id, email, lozinka_hash, ime, prezime, uloga) VALUES (32, 'student012@ftn.rs', '$2b$10$hMXAwDItlGBkyfADXNw5sOlYQ9aXupplixf5.AClWSNUUaLg42yrq', 'Uroš', 'Bogdanović', 'STUDENT');
INSERT INTO student (id, korisnik_id, broj_indeksa, studijski_program_id, godina_upisa) VALUES (12, 32, 'RA 012/20', 6, 2020);
INSERT INTO korisnik (id, email, lozinka_hash, ime, prezime, uloga) VALUES (33, 'student013@ftn.rs', '$2b$10$hMXAwDItlGBkyfADXNw5sOlYQ9aXupplixf5.AClWSNUUaLg42yrq', 'Vuk', 'Ristić', 'STUDENT');
INSERT INTO student (id, korisnik_id, broj_indeksa, studijski_program_id, godina_upisa) VALUES (13, 33, 'RA 013/21', 1, 2021);
INSERT INTO korisnik (id, email, lozinka_hash, ime, prezime, uloga) VALUES (34, 'student014@ftn.rs', '$2b$10$hMXAwDItlGBkyfADXNw5sOlYQ9aXupplixf5.AClWSNUUaLg42yrq', 'Teodora', 'Bogdanović', 'STUDENT');
INSERT INTO student (id, korisnik_id, broj_indeksa, studijski_program_id, godina_upisa) VALUES (14, 34, 'RA 014/22', 2, 2022);
INSERT INTO korisnik (id, email, lozinka_hash, ime, prezime, uloga) VALUES (35, 'student015@ftn.rs', '$2b$10$hMXAwDItlGBkyfADXNw5sOlYQ9aXupplixf5.AClWSNUUaLg42yrq', 'Sara', 'Pavić', 'STUDENT');
INSERT INTO student (id, korisnik_id, broj_indeksa, studijski_program_id, godina_upisa) VALUES (15, 35, 'RA 015/23', 3, 2023);
INSERT INTO korisnik (id, email, lozinka_hash, ime, prezime, uloga) VALUES (36, 'student016@ftn.rs', '$2b$10$hMXAwDItlGBkyfADXNw5sOlYQ9aXupplixf5.AClWSNUUaLg42yrq', 'Uroš', 'Pavić', 'STUDENT');
INSERT INTO student (id, korisnik_id, broj_indeksa, studijski_program_id, godina_upisa) VALUES (16, 36, 'RA 016/19', 4, 2019);
INSERT INTO korisnik (id, email, lozinka_hash, ime, prezime, uloga) VALUES (37, 'student017@ftn.rs', '$2b$10$hMXAwDItlGBkyfADXNw5sOlYQ9aXupplixf5.AClWSNUUaLg42yrq', 'Maša', 'Bogdanović', 'STUDENT');
INSERT INTO student (id, korisnik_id, broj_indeksa, studijski_program_id, godina_upisa) VALUES (17, 37, 'RA 017/20', 5, 2020);
INSERT INTO korisnik (id, email, lozinka_hash, ime, prezime, uloga) VALUES (38, 'student018@ftn.rs', '$2b$10$hMXAwDItlGBkyfADXNw5sOlYQ9aXupplixf5.AClWSNUUaLg42yrq', 'Vuk', 'Simić', 'STUDENT');
INSERT INTO student (id, korisnik_id, broj_indeksa, studijski_program_id, godina_upisa) VALUES (18, 38, 'RA 018/21', 6, 2021);
INSERT INTO korisnik (id, email, lozinka_hash, ime, prezime, uloga) VALUES (39, 'student019@ftn.rs', '$2b$10$hMXAwDItlGBkyfADXNw5sOlYQ9aXupplixf5.AClWSNUUaLg42yrq', 'Hana', 'Pavić', 'STUDENT');
INSERT INTO student (id, korisnik_id, broj_indeksa, studijski_program_id, godina_upisa) VALUES (19, 39, 'RA 019/22', 1, 2022);
INSERT INTO korisnik (id, email, lozinka_hash, ime, prezime, uloga) VALUES (40, 'student020@ftn.rs', '$2b$10$hMXAwDItlGBkyfADXNw5sOlYQ9aXupplixf5.AClWSNUUaLg42yrq', 'Uroš', 'Pavić', 'STUDENT');
INSERT INTO student (id, korisnik_id, broj_indeksa, studijski_program_id, godina_upisa) VALUES (20, 40, 'RA 020/23', 2, 2023);
INSERT INTO korisnik (id, email, lozinka_hash, ime, prezime, uloga) VALUES (41, 'student021@ftn.rs', '$2b$10$hMXAwDItlGBkyfADXNw5sOlYQ9aXupplixf5.AClWSNUUaLg42yrq', 'Vuk', 'Bogdanović', 'STUDENT');
INSERT INTO student (id, korisnik_id, broj_indeksa, studijski_program_id, godina_upisa) VALUES (21, 41, 'RA 021/19', 3, 2019);
INSERT INTO korisnik (id, email, lozinka_hash, ime, prezime, uloga) VALUES (42, 'student022@ftn.rs', '$2b$10$hMXAwDItlGBkyfADXNw5sOlYQ9aXupplixf5.AClWSNUUaLg42yrq', 'Teodora', 'Pavić', 'STUDENT');
INSERT INTO student (id, korisnik_id, broj_indeksa, studijski_program_id, godina_upisa) VALUES (22, 42, 'RA 022/20', 4, 2020);
INSERT INTO korisnik (id, email, lozinka_hash, ime, prezime, uloga) VALUES (43, 'student023@ftn.rs', '$2b$10$hMXAwDItlGBkyfADXNw5sOlYQ9aXupplixf5.AClWSNUUaLg42yrq', 'Luka', 'Čukić', 'STUDENT');
INSERT INTO student (id, korisnik_id, broj_indeksa, studijski_program_id, godina_upisa) VALUES (23, 43, 'RA 023/21', 5, 2021);
INSERT INTO korisnik (id, email, lozinka_hash, ime, prezime, uloga) VALUES (44, 'student024@ftn.rs', '$2b$10$hMXAwDItlGBkyfADXNw5sOlYQ9aXupplixf5.AClWSNUUaLg42yrq', 'Vuk', 'Pavić', 'STUDENT');
INSERT INTO student (id, korisnik_id, broj_indeksa, studijski_program_id, godina_upisa) VALUES (24, 44, 'RA 024/22', 6, 2022);
INSERT INTO korisnik (id, email, lozinka_hash, ime, prezime, uloga) VALUES (45, 'student025@ftn.rs', '$2b$10$hMXAwDItlGBkyfADXNw5sOlYQ9aXupplixf5.AClWSNUUaLg42yrq', 'Teodora', 'Pavić', 'STUDENT');
INSERT INTO student (id, korisnik_id, broj_indeksa, studijski_program_id, godina_upisa) VALUES (25, 45, 'RA 025/23', 1, 2023);
INSERT INTO korisnik (id, email, lozinka_hash, ime, prezime, uloga) VALUES (46, 'student026@ftn.rs', '$2b$10$hMXAwDItlGBkyfADXNw5sOlYQ9aXupplixf5.AClWSNUUaLg42yrq', 'Uroš', 'Milić', 'STUDENT');
INSERT INTO student (id, korisnik_id, broj_indeksa, studijski_program_id, godina_upisa) VALUES (26, 46, 'RA 026/19', 2, 2019);
INSERT INTO korisnik (id, email, lozinka_hash, ime, prezime, uloga) VALUES (47, 'student027@ftn.rs', '$2b$10$hMXAwDItlGBkyfADXNw5sOlYQ9aXupplixf5.AClWSNUUaLg42yrq', 'Hana', 'Bogdanović', 'STUDENT');
INSERT INTO student (id, korisnik_id, broj_indeksa, studijski_program_id, godina_upisa) VALUES (27, 47, 'RA 027/20', 3, 2020);
INSERT INTO korisnik (id, email, lozinka_hash, ime, prezime, uloga) VALUES (48, 'student028@ftn.rs', '$2b$10$hMXAwDItlGBkyfADXNw5sOlYQ9aXupplixf5.AClWSNUUaLg42yrq', 'Filip', 'Bogdanović', 'STUDENT');
INSERT INTO student (id, korisnik_id, broj_indeksa, studijski_program_id, godina_upisa) VALUES (28, 48, 'RA 028/21', 4, 2021);
INSERT INTO korisnik (id, email, lozinka_hash, ime, prezime, uloga) VALUES (49, 'student029@ftn.rs', '$2b$10$hMXAwDItlGBkyfADXNw5sOlYQ9aXupplixf5.AClWSNUUaLg42yrq', 'Maša', 'Čukić', 'STUDENT');
INSERT INTO student (id, korisnik_id, broj_indeksa, studijski_program_id, godina_upisa) VALUES (29, 49, 'RA 029/22', 5, 2022);
INSERT INTO korisnik (id, email, lozinka_hash, ime, prezime, uloga) VALUES (50, 'student030@ftn.rs', '$2b$10$hMXAwDItlGBkyfADXNw5sOlYQ9aXupplixf5.AClWSNUUaLg42yrq', 'Vuk', 'Pavić', 'STUDENT');
INSERT INTO student (id, korisnik_id, broj_indeksa, studijski_program_id, godina_upisa) VALUES (30, 50, 'RA 030/23', 6, 2023);
INSERT INTO korisnik (id, email, lozinka_hash, ime, prezime, uloga) VALUES (51, 'student031@ftn.rs', '$2b$10$hMXAwDItlGBkyfADXNw5sOlYQ9aXupplixf5.AClWSNUUaLg42yrq', 'Filip', 'Čukić', 'STUDENT');
INSERT INTO student (id, korisnik_id, broj_indeksa, studijski_program_id, godina_upisa) VALUES (31, 51, 'RA 031/19', 1, 2019);
INSERT INTO korisnik (id, email, lozinka_hash, ime, prezime, uloga) VALUES (52, 'student032@ftn.rs', '$2b$10$hMXAwDItlGBkyfADXNw5sOlYQ9aXupplixf5.AClWSNUUaLg42yrq', 'Filip', 'Tomić', 'STUDENT');
INSERT INTO student (id, korisnik_id, broj_indeksa, studijski_program_id, godina_upisa) VALUES (32, 52, 'RA 032/20', 2, 2020);
INSERT INTO korisnik (id, email, lozinka_hash, ime, prezime, uloga) VALUES (53, 'student033@ftn.rs', '$2b$10$hMXAwDItlGBkyfADXNw5sOlYQ9aXupplixf5.AClWSNUUaLg42yrq', 'Uroš', 'Milić', 'STUDENT');
INSERT INTO student (id, korisnik_id, broj_indeksa, studijski_program_id, godina_upisa) VALUES (33, 53, 'RA 033/21', 3, 2021);
INSERT INTO korisnik (id, email, lozinka_hash, ime, prezime, uloga) VALUES (54, 'student034@ftn.rs', '$2b$10$hMXAwDItlGBkyfADXNw5sOlYQ9aXupplixf5.AClWSNUUaLg42yrq', 'Teodora', 'Bogdanović', 'STUDENT');
INSERT INTO student (id, korisnik_id, broj_indeksa, studijski_program_id, godina_upisa) VALUES (34, 54, 'RA 034/22', 4, 2022);
INSERT INTO korisnik (id, email, lozinka_hash, ime, prezime, uloga) VALUES (55, 'student035@ftn.rs', '$2b$10$hMXAwDItlGBkyfADXNw5sOlYQ9aXupplixf5.AClWSNUUaLg42yrq', 'Luka', 'Čukić', 'STUDENT');
INSERT INTO student (id, korisnik_id, broj_indeksa, studijski_program_id, godina_upisa) VALUES (35, 55, 'RA 035/23', 5, 2023);
INSERT INTO korisnik (id, email, lozinka_hash, ime, prezime, uloga) VALUES (56, 'student036@ftn.rs', '$2b$10$hMXAwDItlGBkyfADXNw5sOlYQ9aXupplixf5.AClWSNUUaLg42yrq', 'Luka', 'Bogdanović', 'STUDENT');
INSERT INTO student (id, korisnik_id, broj_indeksa, studijski_program_id, godina_upisa) VALUES (36, 56, 'RA 036/19', 6, 2019);
INSERT INTO korisnik (id, email, lozinka_hash, ime, prezime, uloga) VALUES (57, 'student037@ftn.rs', '$2b$10$hMXAwDItlGBkyfADXNw5sOlYQ9aXupplixf5.AClWSNUUaLg42yrq', 'Uroš', 'Milić', 'STUDENT');
INSERT INTO student (id, korisnik_id, broj_indeksa, studijski_program_id, godina_upisa) VALUES (37, 57, 'RA 037/20', 1, 2020);
INSERT INTO korisnik (id, email, lozinka_hash, ime, prezime, uloga) VALUES (58, 'student038@ftn.rs', '$2b$10$hMXAwDItlGBkyfADXNw5sOlYQ9aXupplixf5.AClWSNUUaLg42yrq', 'Sara', 'Čukić', 'STUDENT');
INSERT INTO student (id, korisnik_id, broj_indeksa, studijski_program_id, godina_upisa) VALUES (38, 58, 'RA 038/21', 2, 2021);
INSERT INTO korisnik (id, email, lozinka_hash, ime, prezime, uloga) VALUES (59, 'student039@ftn.rs', '$2b$10$hMXAwDItlGBkyfADXNw5sOlYQ9aXupplixf5.AClWSNUUaLg42yrq', 'Maša', 'Čukić', 'STUDENT');
INSERT INTO student (id, korisnik_id, broj_indeksa, studijski_program_id, godina_upisa) VALUES (39, 59, 'RA 039/22', 3, 2022);
INSERT INTO korisnik (id, email, lozinka_hash, ime, prezime, uloga) VALUES (60, 'student040@ftn.rs', '$2b$10$hMXAwDItlGBkyfADXNw5sOlYQ9aXupplixf5.AClWSNUUaLg42yrq', 'Hana', 'Radović', 'STUDENT');
INSERT INTO student (id, korisnik_id, broj_indeksa, studijski_program_id, godina_upisa) VALUES (40, 60, 'RA 040/23', 4, 2023);
INSERT INTO korisnik (id, email, lozinka_hash, ime, prezime, uloga) VALUES (61, 'student041@ftn.rs', '$2b$10$hMXAwDItlGBkyfADXNw5sOlYQ9aXupplixf5.AClWSNUUaLg42yrq', 'Hana', 'Ristić', 'STUDENT');
INSERT INTO student (id, korisnik_id, broj_indeksa, studijski_program_id, godina_upisa) VALUES (41, 61, 'RA 041/19', 5, 2019);
INSERT INTO korisnik (id, email, lozinka_hash, ime, prezime, uloga) VALUES (62, 'student042@ftn.rs', '$2b$10$hMXAwDItlGBkyfADXNw5sOlYQ9aXupplixf5.AClWSNUUaLg42yrq', 'Vuk', 'Ristić', 'STUDENT');
INSERT INTO student (id, korisnik_id, broj_indeksa, studijski_program_id, godina_upisa) VALUES (42, 62, 'RA 042/20', 6, 2020);
INSERT INTO korisnik (id, email, lozinka_hash, ime, prezime, uloga) VALUES (63, 'student043@ftn.rs', '$2b$10$hMXAwDItlGBkyfADXNw5sOlYQ9aXupplixf5.AClWSNUUaLg42yrq', 'Teodora', 'Milić', 'STUDENT');
INSERT INTO student (id, korisnik_id, broj_indeksa, studijski_program_id, godina_upisa) VALUES (43, 63, 'RA 043/21', 1, 2021);
INSERT INTO korisnik (id, email, lozinka_hash, ime, prezime, uloga) VALUES (64, 'student044@ftn.rs', '$2b$10$hMXAwDItlGBkyfADXNw5sOlYQ9aXupplixf5.AClWSNUUaLg42yrq', 'Uroš', 'Radović', 'STUDENT');
INSERT INTO student (id, korisnik_id, broj_indeksa, studijski_program_id, godina_upisa) VALUES (44, 64, 'RA 044/22', 2, 2022);
INSERT INTO korisnik (id, email, lozinka_hash, ime, prezime, uloga) VALUES (65, 'student045@ftn.rs', '$2b$10$hMXAwDItlGBkyfADXNw5sOlYQ9aXupplixf5.AClWSNUUaLg42yrq', 'Maša', 'Čukić', 'STUDENT');
INSERT INTO student (id, korisnik_id, broj_indeksa, studijski_program_id, godina_upisa) VALUES (45, 65, 'RA 045/23', 3, 2023);
INSERT INTO korisnik (id, email, lozinka_hash, ime, prezime, uloga) VALUES (66, 'student046@ftn.rs', '$2b$10$hMXAwDItlGBkyfADXNw5sOlYQ9aXupplixf5.AClWSNUUaLg42yrq', 'Filip', 'Tomić', 'STUDENT');
INSERT INTO student (id, korisnik_id, broj_indeksa, studijski_program_id, godina_upisa) VALUES (46, 66, 'RA 046/19', 4, 2019);
INSERT INTO korisnik (id, email, lozinka_hash, ime, prezime, uloga) VALUES (67, 'student047@ftn.rs', '$2b$10$hMXAwDItlGBkyfADXNw5sOlYQ9aXupplixf5.AClWSNUUaLg42yrq', 'Sara', 'Simić', 'STUDENT');
INSERT INTO student (id, korisnik_id, broj_indeksa, studijski_program_id, godina_upisa) VALUES (47, 67, 'RA 047/20', 5, 2020);
INSERT INTO korisnik (id, email, lozinka_hash, ime, prezime, uloga) VALUES (68, 'student048@ftn.rs', '$2b$10$hMXAwDItlGBkyfADXNw5sOlYQ9aXupplixf5.AClWSNUUaLg42yrq', 'Sara', 'Ristić', 'STUDENT');
INSERT INTO student (id, korisnik_id, broj_indeksa, studijski_program_id, godina_upisa) VALUES (48, 68, 'RA 048/21', 6, 2021);
INSERT INTO korisnik (id, email, lozinka_hash, ime, prezime, uloga) VALUES (69, 'student049@ftn.rs', '$2b$10$hMXAwDItlGBkyfADXNw5sOlYQ9aXupplixf5.AClWSNUUaLg42yrq', 'Filip', 'Radović', 'STUDENT');
INSERT INTO student (id, korisnik_id, broj_indeksa, studijski_program_id, godina_upisa) VALUES (49, 69, 'RA 049/22', 1, 2022);
INSERT INTO korisnik (id, email, lozinka_hash, ime, prezime, uloga) VALUES (70, 'student050@ftn.rs', '$2b$10$hMXAwDItlGBkyfADXNw5sOlYQ9aXupplixf5.AClWSNUUaLg42yrq', 'Sara', 'Radović', 'STUDENT');
INSERT INTO student (id, korisnik_id, broj_indeksa, studijski_program_id, godina_upisa) VALUES (50, 70, 'RA 050/23', 2, 2023);
INSERT INTO korisnik (id, email, lozinka_hash, ime, prezime, uloga) VALUES (71, 'student051@ftn.rs', '$2b$10$hMXAwDItlGBkyfADXNw5sOlYQ9aXupplixf5.AClWSNUUaLg42yrq', 'Uroš', 'Tomić', 'STUDENT');
INSERT INTO student (id, korisnik_id, broj_indeksa, studijski_program_id, godina_upisa) VALUES (51, 71, 'RA 051/19', 3, 2019);
INSERT INTO korisnik (id, email, lozinka_hash, ime, prezime, uloga) VALUES (72, 'student052@ftn.rs', '$2b$10$hMXAwDItlGBkyfADXNw5sOlYQ9aXupplixf5.AClWSNUUaLg42yrq', 'Vuk', 'Simić', 'STUDENT');
INSERT INTO student (id, korisnik_id, broj_indeksa, studijski_program_id, godina_upisa) VALUES (52, 72, 'RA 052/20', 4, 2020);
INSERT INTO korisnik (id, email, lozinka_hash, ime, prezime, uloga) VALUES (73, 'student053@ftn.rs', '$2b$10$hMXAwDItlGBkyfADXNw5sOlYQ9aXupplixf5.AClWSNUUaLg42yrq', 'Sara', 'Milić', 'STUDENT');
INSERT INTO student (id, korisnik_id, broj_indeksa, studijski_program_id, godina_upisa) VALUES (53, 73, 'RA 053/21', 5, 2021);
INSERT INTO korisnik (id, email, lozinka_hash, ime, prezime, uloga) VALUES (74, 'student054@ftn.rs', '$2b$10$hMXAwDItlGBkyfADXNw5sOlYQ9aXupplixf5.AClWSNUUaLg42yrq', 'Maša', 'Pavić', 'STUDENT');
INSERT INTO student (id, korisnik_id, broj_indeksa, studijski_program_id, godina_upisa) VALUES (54, 74, 'RA 054/22', 6, 2022);
INSERT INTO korisnik (id, email, lozinka_hash, ime, prezime, uloga) VALUES (75, 'student055@ftn.rs', '$2b$10$hMXAwDItlGBkyfADXNw5sOlYQ9aXupplixf5.AClWSNUUaLg42yrq', 'Vuk', 'Radović', 'STUDENT');
INSERT INTO student (id, korisnik_id, broj_indeksa, studijski_program_id, godina_upisa) VALUES (55, 75, 'RA 055/23', 1, 2023);
INSERT INTO korisnik (id, email, lozinka_hash, ime, prezime, uloga) VALUES (76, 'student056@ftn.rs', '$2b$10$hMXAwDItlGBkyfADXNw5sOlYQ9aXupplixf5.AClWSNUUaLg42yrq', 'Filip', 'Tomić', 'STUDENT');
INSERT INTO student (id, korisnik_id, broj_indeksa, studijski_program_id, godina_upisa) VALUES (56, 76, 'RA 056/19', 2, 2019);
INSERT INTO korisnik (id, email, lozinka_hash, ime, prezime, uloga) VALUES (77, 'student057@ftn.rs', '$2b$10$hMXAwDItlGBkyfADXNw5sOlYQ9aXupplixf5.AClWSNUUaLg42yrq', 'Luka', 'Milić', 'STUDENT');
INSERT INTO student (id, korisnik_id, broj_indeksa, studijski_program_id, godina_upisa) VALUES (57, 77, 'RA 057/20', 3, 2020);
INSERT INTO korisnik (id, email, lozinka_hash, ime, prezime, uloga) VALUES (78, 'student058@ftn.rs', '$2b$10$hMXAwDItlGBkyfADXNw5sOlYQ9aXupplixf5.AClWSNUUaLg42yrq', 'Filip', 'Pavić', 'STUDENT');
INSERT INTO student (id, korisnik_id, broj_indeksa, studijski_program_id, godina_upisa) VALUES (58, 78, 'RA 058/21', 4, 2021);
INSERT INTO korisnik (id, email, lozinka_hash, ime, prezime, uloga) VALUES (79, 'student059@ftn.rs', '$2b$10$hMXAwDItlGBkyfADXNw5sOlYQ9aXupplixf5.AClWSNUUaLg42yrq', 'Vuk', 'Čukić', 'STUDENT');
INSERT INTO student (id, korisnik_id, broj_indeksa, studijski_program_id, godina_upisa) VALUES (59, 79, 'RA 059/22', 5, 2022);
INSERT INTO korisnik (id, email, lozinka_hash, ime, prezime, uloga) VALUES (80, 'student060@ftn.rs', '$2b$10$hMXAwDItlGBkyfADXNw5sOlYQ9aXupplixf5.AClWSNUUaLg42yrq', 'Filip', 'Bogdanović', 'STUDENT');
INSERT INTO student (id, korisnik_id, broj_indeksa, studijski_program_id, godina_upisa) VALUES (60, 80, 'RA 060/23', 6, 2023);
INSERT INTO korisnik (id, email, lozinka_hash, ime, prezime, uloga) VALUES (81, 'student061@ftn.rs', '$2b$10$hMXAwDItlGBkyfADXNw5sOlYQ9aXupplixf5.AClWSNUUaLg42yrq', 'Filip', 'Simić', 'STUDENT');
INSERT INTO student (id, korisnik_id, broj_indeksa, studijski_program_id, godina_upisa) VALUES (61, 81, 'RA 061/19', 1, 2019);
INSERT INTO korisnik (id, email, lozinka_hash, ime, prezime, uloga) VALUES (82, 'student062@ftn.rs', '$2b$10$hMXAwDItlGBkyfADXNw5sOlYQ9aXupplixf5.AClWSNUUaLg42yrq', 'Maša', 'Tomić', 'STUDENT');
INSERT INTO student (id, korisnik_id, broj_indeksa, studijski_program_id, godina_upisa) VALUES (62, 82, 'RA 062/20', 2, 2020);
INSERT INTO korisnik (id, email, lozinka_hash, ime, prezime, uloga) VALUES (83, 'student063@ftn.rs', '$2b$10$hMXAwDItlGBkyfADXNw5sOlYQ9aXupplixf5.AClWSNUUaLg42yrq', 'Luka', 'Pavić', 'STUDENT');
INSERT INTO student (id, korisnik_id, broj_indeksa, studijski_program_id, godina_upisa) VALUES (63, 83, 'RA 063/21', 3, 2021);
INSERT INTO korisnik (id, email, lozinka_hash, ime, prezime, uloga) VALUES (84, 'student064@ftn.rs', '$2b$10$hMXAwDItlGBkyfADXNw5sOlYQ9aXupplixf5.AClWSNUUaLg42yrq', 'Maša', 'Milić', 'STUDENT');
INSERT INTO student (id, korisnik_id, broj_indeksa, studijski_program_id, godina_upisa) VALUES (64, 84, 'RA 064/22', 4, 2022);
INSERT INTO korisnik (id, email, lozinka_hash, ime, prezime, uloga) VALUES (85, 'student065@ftn.rs', '$2b$10$hMXAwDItlGBkyfADXNw5sOlYQ9aXupplixf5.AClWSNUUaLg42yrq', 'Teodora', 'Simić', 'STUDENT');
INSERT INTO student (id, korisnik_id, broj_indeksa, studijski_program_id, godina_upisa) VALUES (65, 85, 'RA 065/23', 5, 2023);
INSERT INTO korisnik (id, email, lozinka_hash, ime, prezime, uloga) VALUES (86, 'student066@ftn.rs', '$2b$10$hMXAwDItlGBkyfADXNw5sOlYQ9aXupplixf5.AClWSNUUaLg42yrq', 'Teodora', 'Pavić', 'STUDENT');
INSERT INTO student (id, korisnik_id, broj_indeksa, studijski_program_id, godina_upisa) VALUES (66, 86, 'RA 066/19', 6, 2019);
INSERT INTO korisnik (id, email, lozinka_hash, ime, prezime, uloga) VALUES (87, 'student067@ftn.rs', '$2b$10$hMXAwDItlGBkyfADXNw5sOlYQ9aXupplixf5.AClWSNUUaLg42yrq', 'Sara', 'Tomić', 'STUDENT');
INSERT INTO student (id, korisnik_id, broj_indeksa, studijski_program_id, godina_upisa) VALUES (67, 87, 'RA 067/20', 1, 2020);
INSERT INTO korisnik (id, email, lozinka_hash, ime, prezime, uloga) VALUES (88, 'student068@ftn.rs', '$2b$10$hMXAwDItlGBkyfADXNw5sOlYQ9aXupplixf5.AClWSNUUaLg42yrq', 'Sara', 'Ristić', 'STUDENT');
INSERT INTO student (id, korisnik_id, broj_indeksa, studijski_program_id, godina_upisa) VALUES (68, 88, 'RA 068/21', 2, 2021);
INSERT INTO korisnik (id, email, lozinka_hash, ime, prezime, uloga) VALUES (89, 'student069@ftn.rs', '$2b$10$hMXAwDItlGBkyfADXNw5sOlYQ9aXupplixf5.AClWSNUUaLg42yrq', 'Filip', 'Tomić', 'STUDENT');
INSERT INTO student (id, korisnik_id, broj_indeksa, studijski_program_id, godina_upisa) VALUES (69, 89, 'RA 069/22', 3, 2022);
INSERT INTO korisnik (id, email, lozinka_hash, ime, prezime, uloga) VALUES (90, 'student070@ftn.rs', '$2b$10$hMXAwDItlGBkyfADXNw5sOlYQ9aXupplixf5.AClWSNUUaLg42yrq', 'Filip', 'Milić', 'STUDENT');
INSERT INTO student (id, korisnik_id, broj_indeksa, studijski_program_id, godina_upisa) VALUES (70, 90, 'RA 070/23', 4, 2023);
INSERT INTO korisnik (id, email, lozinka_hash, ime, prezime, uloga) VALUES (91, 'student071@ftn.rs', '$2b$10$hMXAwDItlGBkyfADXNw5sOlYQ9aXupplixf5.AClWSNUUaLg42yrq', 'Uroš', 'Čukić', 'STUDENT');
INSERT INTO student (id, korisnik_id, broj_indeksa, studijski_program_id, godina_upisa) VALUES (71, 91, 'RA 071/19', 5, 2019);
INSERT INTO korisnik (id, email, lozinka_hash, ime, prezime, uloga) VALUES (92, 'student072@ftn.rs', '$2b$10$hMXAwDItlGBkyfADXNw5sOlYQ9aXupplixf5.AClWSNUUaLg42yrq', 'Teodora', 'Milić', 'STUDENT');
INSERT INTO student (id, korisnik_id, broj_indeksa, studijski_program_id, godina_upisa) VALUES (72, 92, 'RA 072/20', 6, 2020);
INSERT INTO korisnik (id, email, lozinka_hash, ime, prezime, uloga) VALUES (93, 'student073@ftn.rs', '$2b$10$hMXAwDItlGBkyfADXNw5sOlYQ9aXupplixf5.AClWSNUUaLg42yrq', 'Uroš', 'Bogdanović', 'STUDENT');
INSERT INTO student (id, korisnik_id, broj_indeksa, studijski_program_id, godina_upisa) VALUES (73, 93, 'RA 073/21', 1, 2021);
INSERT INTO korisnik (id, email, lozinka_hash, ime, prezime, uloga) VALUES (94, 'student074@ftn.rs', '$2b$10$hMXAwDItlGBkyfADXNw5sOlYQ9aXupplixf5.AClWSNUUaLg42yrq', 'Hana', 'Tomić', 'STUDENT');
INSERT INTO student (id, korisnik_id, broj_indeksa, studijski_program_id, godina_upisa) VALUES (74, 94, 'RA 074/22', 2, 2022);
INSERT INTO korisnik (id, email, lozinka_hash, ime, prezime, uloga) VALUES (95, 'student075@ftn.rs', '$2b$10$hMXAwDItlGBkyfADXNw5sOlYQ9aXupplixf5.AClWSNUUaLg42yrq', 'Sara', 'Čukić', 'STUDENT');
INSERT INTO student (id, korisnik_id, broj_indeksa, studijski_program_id, godina_upisa) VALUES (75, 95, 'RA 075/23', 3, 2023);
INSERT INTO korisnik (id, email, lozinka_hash, ime, prezime, uloga) VALUES (96, 'student076@ftn.rs', '$2b$10$hMXAwDItlGBkyfADXNw5sOlYQ9aXupplixf5.AClWSNUUaLg42yrq', 'Teodora', 'Pavić', 'STUDENT');
INSERT INTO student (id, korisnik_id, broj_indeksa, studijski_program_id, godina_upisa) VALUES (76, 96, 'RA 076/19', 4, 2019);
INSERT INTO korisnik (id, email, lozinka_hash, ime, prezime, uloga) VALUES (97, 'student077@ftn.rs', '$2b$10$hMXAwDItlGBkyfADXNw5sOlYQ9aXupplixf5.AClWSNUUaLg42yrq', 'Maša', 'Simić', 'STUDENT');
INSERT INTO student (id, korisnik_id, broj_indeksa, studijski_program_id, godina_upisa) VALUES (77, 97, 'RA 077/20', 5, 2020);
INSERT INTO korisnik (id, email, lozinka_hash, ime, prezime, uloga) VALUES (98, 'student078@ftn.rs', '$2b$10$hMXAwDItlGBkyfADXNw5sOlYQ9aXupplixf5.AClWSNUUaLg42yrq', 'Teodora', 'Čukić', 'STUDENT');
INSERT INTO student (id, korisnik_id, broj_indeksa, studijski_program_id, godina_upisa) VALUES (78, 98, 'RA 078/21', 6, 2021);
INSERT INTO korisnik (id, email, lozinka_hash, ime, prezime, uloga) VALUES (99, 'student079@ftn.rs', '$2b$10$hMXAwDItlGBkyfADXNw5sOlYQ9aXupplixf5.AClWSNUUaLg42yrq', 'Luka', 'Pavić', 'STUDENT');
INSERT INTO student (id, korisnik_id, broj_indeksa, studijski_program_id, godina_upisa) VALUES (79, 99, 'RA 079/22', 1, 2022);
INSERT INTO korisnik (id, email, lozinka_hash, ime, prezime, uloga) VALUES (100, 'student080@ftn.rs', '$2b$10$hMXAwDItlGBkyfADXNw5sOlYQ9aXupplixf5.AClWSNUUaLg42yrq', 'Luka', 'Čukić', 'STUDENT');
INSERT INTO student (id, korisnik_id, broj_indeksa, studijski_program_id, godina_upisa) VALUES (80, 100, 'RA 080/23', 2, 2023);
INSERT INTO korisnik (id, email, lozinka_hash, ime, prezime, uloga) VALUES (101, 'student081@ftn.rs', '$2b$10$hMXAwDItlGBkyfADXNw5sOlYQ9aXupplixf5.AClWSNUUaLg42yrq', 'Sara', 'Simić', 'STUDENT');
INSERT INTO student (id, korisnik_id, broj_indeksa, studijski_program_id, godina_upisa) VALUES (81, 101, 'RA 081/19', 3, 2019);
INSERT INTO korisnik (id, email, lozinka_hash, ime, prezime, uloga) VALUES (102, 'student082@ftn.rs', '$2b$10$hMXAwDItlGBkyfADXNw5sOlYQ9aXupplixf5.AClWSNUUaLg42yrq', 'Maša', 'Pavić', 'STUDENT');
INSERT INTO student (id, korisnik_id, broj_indeksa, studijski_program_id, godina_upisa) VALUES (82, 102, 'RA 082/20', 4, 2020);
INSERT INTO korisnik (id, email, lozinka_hash, ime, prezime, uloga) VALUES (103, 'student083@ftn.rs', '$2b$10$hMXAwDItlGBkyfADXNw5sOlYQ9aXupplixf5.AClWSNUUaLg42yrq', 'Teodora', 'Milić', 'STUDENT');
INSERT INTO student (id, korisnik_id, broj_indeksa, studijski_program_id, godina_upisa) VALUES (83, 103, 'RA 083/21', 5, 2021);
INSERT INTO korisnik (id, email, lozinka_hash, ime, prezime, uloga) VALUES (104, 'student084@ftn.rs', '$2b$10$hMXAwDItlGBkyfADXNw5sOlYQ9aXupplixf5.AClWSNUUaLg42yrq', 'Hana', 'Čukić', 'STUDENT');
INSERT INTO student (id, korisnik_id, broj_indeksa, studijski_program_id, godina_upisa) VALUES (84, 104, 'RA 084/22', 6, 2022);
INSERT INTO korisnik (id, email, lozinka_hash, ime, prezime, uloga) VALUES (105, 'student085@ftn.rs', '$2b$10$hMXAwDItlGBkyfADXNw5sOlYQ9aXupplixf5.AClWSNUUaLg42yrq', 'Filip', 'Tomić', 'STUDENT');
INSERT INTO student (id, korisnik_id, broj_indeksa, studijski_program_id, godina_upisa) VALUES (85, 105, 'RA 085/23', 1, 2023);
INSERT INTO korisnik (id, email, lozinka_hash, ime, prezime, uloga) VALUES (106, 'student086@ftn.rs', '$2b$10$hMXAwDItlGBkyfADXNw5sOlYQ9aXupplixf5.AClWSNUUaLg42yrq', 'Teodora', 'Tomić', 'STUDENT');
INSERT INTO student (id, korisnik_id, broj_indeksa, studijski_program_id, godina_upisa) VALUES (86, 106, 'RA 086/19', 2, 2019);
INSERT INTO korisnik (id, email, lozinka_hash, ime, prezime, uloga) VALUES (107, 'student087@ftn.rs', '$2b$10$hMXAwDItlGBkyfADXNw5sOlYQ9aXupplixf5.AClWSNUUaLg42yrq', 'Uroš', 'Čukić', 'STUDENT');
INSERT INTO student (id, korisnik_id, broj_indeksa, studijski_program_id, godina_upisa) VALUES (87, 107, 'RA 087/20', 3, 2020);
INSERT INTO korisnik (id, email, lozinka_hash, ime, prezime, uloga) VALUES (108, 'student088@ftn.rs', '$2b$10$hMXAwDItlGBkyfADXNw5sOlYQ9aXupplixf5.AClWSNUUaLg42yrq', 'Sara', 'Pavić', 'STUDENT');
INSERT INTO student (id, korisnik_id, broj_indeksa, studijski_program_id, godina_upisa) VALUES (88, 108, 'RA 088/21', 4, 2021);
INSERT INTO korisnik (id, email, lozinka_hash, ime, prezime, uloga) VALUES (109, 'student089@ftn.rs', '$2b$10$hMXAwDItlGBkyfADXNw5sOlYQ9aXupplixf5.AClWSNUUaLg42yrq', 'Uroš', 'Bogdanović', 'STUDENT');
INSERT INTO student (id, korisnik_id, broj_indeksa, studijski_program_id, godina_upisa) VALUES (89, 109, 'RA 089/22', 5, 2022);
INSERT INTO korisnik (id, email, lozinka_hash, ime, prezime, uloga) VALUES (110, 'student090@ftn.rs', '$2b$10$hMXAwDItlGBkyfADXNw5sOlYQ9aXupplixf5.AClWSNUUaLg42yrq', 'Uroš', 'Radović', 'STUDENT');
INSERT INTO student (id, korisnik_id, broj_indeksa, studijski_program_id, godina_upisa) VALUES (90, 110, 'RA 090/23', 6, 2023);
INSERT INTO korisnik (id, email, lozinka_hash, ime, prezime, uloga) VALUES (111, 'student091@ftn.rs', '$2b$10$hMXAwDItlGBkyfADXNw5sOlYQ9aXupplixf5.AClWSNUUaLg42yrq', 'Hana', 'Simić', 'STUDENT');
INSERT INTO student (id, korisnik_id, broj_indeksa, studijski_program_id, godina_upisa) VALUES (91, 111, 'RA 091/19', 1, 2019);
INSERT INTO korisnik (id, email, lozinka_hash, ime, prezime, uloga) VALUES (112, 'student092@ftn.rs', '$2b$10$hMXAwDItlGBkyfADXNw5sOlYQ9aXupplixf5.AClWSNUUaLg42yrq', 'Sara', 'Simić', 'STUDENT');
INSERT INTO student (id, korisnik_id, broj_indeksa, studijski_program_id, godina_upisa) VALUES (92, 112, 'RA 092/20', 2, 2020);
INSERT INTO korisnik (id, email, lozinka_hash, ime, prezime, uloga) VALUES (113, 'student093@ftn.rs', '$2b$10$hMXAwDItlGBkyfADXNw5sOlYQ9aXupplixf5.AClWSNUUaLg42yrq', 'Uroš', 'Bogdanović', 'STUDENT');
INSERT INTO student (id, korisnik_id, broj_indeksa, studijski_program_id, godina_upisa) VALUES (93, 113, 'RA 093/21', 3, 2021);
INSERT INTO korisnik (id, email, lozinka_hash, ime, prezime, uloga) VALUES (114, 'student094@ftn.rs', '$2b$10$hMXAwDItlGBkyfADXNw5sOlYQ9aXupplixf5.AClWSNUUaLg42yrq', 'Sara', 'Čukić', 'STUDENT');
INSERT INTO student (id, korisnik_id, broj_indeksa, studijski_program_id, godina_upisa) VALUES (94, 114, 'RA 094/22', 4, 2022);
INSERT INTO korisnik (id, email, lozinka_hash, ime, prezime, uloga) VALUES (115, 'student095@ftn.rs', '$2b$10$hMXAwDItlGBkyfADXNw5sOlYQ9aXupplixf5.AClWSNUUaLg42yrq', 'Teodora', 'Čukić', 'STUDENT');
INSERT INTO student (id, korisnik_id, broj_indeksa, studijski_program_id, godina_upisa) VALUES (95, 115, 'RA 095/23', 5, 2023);
INSERT INTO korisnik (id, email, lozinka_hash, ime, prezime, uloga) VALUES (116, 'student096@ftn.rs', '$2b$10$hMXAwDItlGBkyfADXNw5sOlYQ9aXupplixf5.AClWSNUUaLg42yrq', 'Hana', 'Ristić', 'STUDENT');
INSERT INTO student (id, korisnik_id, broj_indeksa, studijski_program_id, godina_upisa) VALUES (96, 116, 'RA 096/19', 6, 2019);
INSERT INTO korisnik (id, email, lozinka_hash, ime, prezime, uloga) VALUES (117, 'student097@ftn.rs', '$2b$10$hMXAwDItlGBkyfADXNw5sOlYQ9aXupplixf5.AClWSNUUaLg42yrq', 'Uroš', 'Ristić', 'STUDENT');
INSERT INTO student (id, korisnik_id, broj_indeksa, studijski_program_id, godina_upisa) VALUES (97, 117, 'RA 097/20', 1, 2020);
INSERT INTO korisnik (id, email, lozinka_hash, ime, prezime, uloga) VALUES (118, 'student098@ftn.rs', '$2b$10$hMXAwDItlGBkyfADXNw5sOlYQ9aXupplixf5.AClWSNUUaLg42yrq', 'Vuk', 'Tomić', 'STUDENT');
INSERT INTO student (id, korisnik_id, broj_indeksa, studijski_program_id, godina_upisa) VALUES (98, 118, 'RA 098/21', 2, 2021);
INSERT INTO korisnik (id, email, lozinka_hash, ime, prezime, uloga) VALUES (119, 'student099@ftn.rs', '$2b$10$hMXAwDItlGBkyfADXNw5sOlYQ9aXupplixf5.AClWSNUUaLg42yrq', 'Teodora', 'Pavić', 'STUDENT');
INSERT INTO student (id, korisnik_id, broj_indeksa, studijski_program_id, godina_upisa) VALUES (99, 119, 'RA 099/22', 3, 2022);
INSERT INTO korisnik (id, email, lozinka_hash, ime, prezime, uloga) VALUES (120, 'student100@ftn.rs', '$2b$10$hMXAwDItlGBkyfADXNw5sOlYQ9aXupplixf5.AClWSNUUaLg42yrq', 'Hana', 'Pavić', 'STUDENT');
INSERT INTO student (id, korisnik_id, broj_indeksa, studijski_program_id, godina_upisa) VALUES (100, 120, 'RA 100/23', 4, 2023);
INSERT INTO korisnik (id, email, lozinka_hash, ime, prezime, uloga) VALUES (121, 'student101@ftn.rs', '$2b$10$hMXAwDItlGBkyfADXNw5sOlYQ9aXupplixf5.AClWSNUUaLg42yrq', 'Luka', 'Simić', 'STUDENT');
INSERT INTO student (id, korisnik_id, broj_indeksa, studijski_program_id, godina_upisa) VALUES (101, 121, 'RA 101/19', 5, 2019);
INSERT INTO korisnik (id, email, lozinka_hash, ime, prezime, uloga) VALUES (122, 'student102@ftn.rs', '$2b$10$hMXAwDItlGBkyfADXNw5sOlYQ9aXupplixf5.AClWSNUUaLg42yrq', 'Sara', 'Čukić', 'STUDENT');
INSERT INTO student (id, korisnik_id, broj_indeksa, studijski_program_id, godina_upisa) VALUES (102, 122, 'RA 102/20', 6, 2020);
INSERT INTO korisnik (id, email, lozinka_hash, ime, prezime, uloga) VALUES (123, 'student103@ftn.rs', '$2b$10$hMXAwDItlGBkyfADXNw5sOlYQ9aXupplixf5.AClWSNUUaLg42yrq', 'Filip', 'Radović', 'STUDENT');
INSERT INTO student (id, korisnik_id, broj_indeksa, studijski_program_id, godina_upisa) VALUES (103, 123, 'RA 103/21', 1, 2021);
INSERT INTO korisnik (id, email, lozinka_hash, ime, prezime, uloga) VALUES (124, 'student104@ftn.rs', '$2b$10$hMXAwDItlGBkyfADXNw5sOlYQ9aXupplixf5.AClWSNUUaLg42yrq', 'Hana', 'Tomić', 'STUDENT');
INSERT INTO student (id, korisnik_id, broj_indeksa, studijski_program_id, godina_upisa) VALUES (104, 124, 'RA 104/22', 2, 2022);
INSERT INTO korisnik (id, email, lozinka_hash, ime, prezime, uloga) VALUES (125, 'student105@ftn.rs', '$2b$10$hMXAwDItlGBkyfADXNw5sOlYQ9aXupplixf5.AClWSNUUaLg42yrq', 'Teodora', 'Radović', 'STUDENT');
INSERT INTO student (id, korisnik_id, broj_indeksa, studijski_program_id, godina_upisa) VALUES (105, 125, 'RA 105/23', 3, 2023);
INSERT INTO korisnik (id, email, lozinka_hash, ime, prezime, uloga) VALUES (126, 'student106@ftn.rs', '$2b$10$hMXAwDItlGBkyfADXNw5sOlYQ9aXupplixf5.AClWSNUUaLg42yrq', 'Luka', 'Ristić', 'STUDENT');
INSERT INTO student (id, korisnik_id, broj_indeksa, studijski_program_id, godina_upisa) VALUES (106, 126, 'RA 106/19', 4, 2019);
INSERT INTO korisnik (id, email, lozinka_hash, ime, prezime, uloga) VALUES (127, 'student107@ftn.rs', '$2b$10$hMXAwDItlGBkyfADXNw5sOlYQ9aXupplixf5.AClWSNUUaLg42yrq', 'Uroš', 'Simić', 'STUDENT');
INSERT INTO student (id, korisnik_id, broj_indeksa, studijski_program_id, godina_upisa) VALUES (107, 127, 'RA 107/20', 5, 2020);
INSERT INTO korisnik (id, email, lozinka_hash, ime, prezime, uloga) VALUES (128, 'student108@ftn.rs', '$2b$10$hMXAwDItlGBkyfADXNw5sOlYQ9aXupplixf5.AClWSNUUaLg42yrq', 'Uroš', 'Milić', 'STUDENT');
INSERT INTO student (id, korisnik_id, broj_indeksa, studijski_program_id, godina_upisa) VALUES (108, 128, 'RA 108/21', 6, 2021);
INSERT INTO korisnik (id, email, lozinka_hash, ime, prezime, uloga) VALUES (129, 'student109@ftn.rs', '$2b$10$hMXAwDItlGBkyfADXNw5sOlYQ9aXupplixf5.AClWSNUUaLg42yrq', 'Hana', 'Milić', 'STUDENT');
INSERT INTO student (id, korisnik_id, broj_indeksa, studijski_program_id, godina_upisa) VALUES (109, 129, 'RA 109/22', 1, 2022);
INSERT INTO korisnik (id, email, lozinka_hash, ime, prezime, uloga) VALUES (130, 'student110@ftn.rs', '$2b$10$hMXAwDItlGBkyfADXNw5sOlYQ9aXupplixf5.AClWSNUUaLg42yrq', 'Uroš', 'Tomić', 'STUDENT');
INSERT INTO student (id, korisnik_id, broj_indeksa, studijski_program_id, godina_upisa) VALUES (110, 130, 'RA 110/23', 2, 2023);
INSERT INTO korisnik (id, email, lozinka_hash, ime, prezime, uloga) VALUES (131, 'student111@ftn.rs', '$2b$10$hMXAwDItlGBkyfADXNw5sOlYQ9aXupplixf5.AClWSNUUaLg42yrq', 'Filip', 'Čukić', 'STUDENT');
INSERT INTO student (id, korisnik_id, broj_indeksa, studijski_program_id, godina_upisa) VALUES (111, 131, 'RA 111/19', 3, 2019);
INSERT INTO korisnik (id, email, lozinka_hash, ime, prezime, uloga) VALUES (132, 'student112@ftn.rs', '$2b$10$hMXAwDItlGBkyfADXNw5sOlYQ9aXupplixf5.AClWSNUUaLg42yrq', 'Vuk', 'Čukić', 'STUDENT');
INSERT INTO student (id, korisnik_id, broj_indeksa, studijski_program_id, godina_upisa) VALUES (112, 132, 'RA 112/20', 4, 2020);
INSERT INTO korisnik (id, email, lozinka_hash, ime, prezime, uloga) VALUES (133, 'student113@ftn.rs', '$2b$10$hMXAwDItlGBkyfADXNw5sOlYQ9aXupplixf5.AClWSNUUaLg42yrq', 'Luka', 'Simić', 'STUDENT');
INSERT INTO student (id, korisnik_id, broj_indeksa, studijski_program_id, godina_upisa) VALUES (113, 133, 'RA 113/21', 5, 2021);
INSERT INTO korisnik (id, email, lozinka_hash, ime, prezime, uloga) VALUES (134, 'student114@ftn.rs', '$2b$10$hMXAwDItlGBkyfADXNw5sOlYQ9aXupplixf5.AClWSNUUaLg42yrq', 'Maša', 'Simić', 'STUDENT');
INSERT INTO student (id, korisnik_id, broj_indeksa, studijski_program_id, godina_upisa) VALUES (114, 134, 'RA 114/22', 6, 2022);
INSERT INTO korisnik (id, email, lozinka_hash, ime, prezime, uloga) VALUES (135, 'student115@ftn.rs', '$2b$10$hMXAwDItlGBkyfADXNw5sOlYQ9aXupplixf5.AClWSNUUaLg42yrq', 'Luka', 'Tomić', 'STUDENT');
INSERT INTO student (id, korisnik_id, broj_indeksa, studijski_program_id, godina_upisa) VALUES (115, 135, 'RA 115/23', 1, 2023);
INSERT INTO korisnik (id, email, lozinka_hash, ime, prezime, uloga) VALUES (136, 'student116@ftn.rs', '$2b$10$hMXAwDItlGBkyfADXNw5sOlYQ9aXupplixf5.AClWSNUUaLg42yrq', 'Filip', 'Simić', 'STUDENT');
INSERT INTO student (id, korisnik_id, broj_indeksa, studijski_program_id, godina_upisa) VALUES (116, 136, 'RA 116/19', 2, 2019);
INSERT INTO korisnik (id, email, lozinka_hash, ime, prezime, uloga) VALUES (137, 'student117@ftn.rs', '$2b$10$hMXAwDItlGBkyfADXNw5sOlYQ9aXupplixf5.AClWSNUUaLg42yrq', 'Sara', 'Ristić', 'STUDENT');
INSERT INTO student (id, korisnik_id, broj_indeksa, studijski_program_id, godina_upisa) VALUES (117, 137, 'RA 117/20', 3, 2020);
INSERT INTO korisnik (id, email, lozinka_hash, ime, prezime, uloga) VALUES (138, 'student118@ftn.rs', '$2b$10$hMXAwDItlGBkyfADXNw5sOlYQ9aXupplixf5.AClWSNUUaLg42yrq', 'Sara', 'Pavić', 'STUDENT');
INSERT INTO student (id, korisnik_id, broj_indeksa, studijski_program_id, godina_upisa) VALUES (118, 138, 'RA 118/21', 4, 2021);
INSERT INTO korisnik (id, email, lozinka_hash, ime, prezime, uloga) VALUES (139, 'student119@ftn.rs', '$2b$10$hMXAwDItlGBkyfADXNw5sOlYQ9aXupplixf5.AClWSNUUaLg42yrq', 'Teodora', 'Radović', 'STUDENT');
INSERT INTO student (id, korisnik_id, broj_indeksa, studijski_program_id, godina_upisa) VALUES (119, 139, 'RA 119/22', 5, 2022);
INSERT INTO korisnik (id, email, lozinka_hash, ime, prezime, uloga) VALUES (140, 'student120@ftn.rs', '$2b$10$hMXAwDItlGBkyfADXNw5sOlYQ9aXupplixf5.AClWSNUUaLg42yrq', 'Sara', 'Čukić', 'STUDENT');
INSERT INTO student (id, korisnik_id, broj_indeksa, studijski_program_id, godina_upisa) VALUES (120, 140, 'RA 120/23', 6, 2023);
SELECT setval(pg_get_serial_sequence('korisnik','id'), (SELECT MAX(id) FROM korisnik));
SELECT setval(pg_get_serial_sequence('student','id'), (SELECT MAX(id) FROM student));
INSERT INTO sef_katedre (korisnik_id, katedra_id) VALUES (1, 1);
INSERT INTO sef_katedre (korisnik_id, katedra_id) VALUES (2, 2);
INSERT INTO sef_katedre (korisnik_id, katedra_id) VALUES (3, 3);
INSERT INTO sef_katedre (korisnik_id, katedra_id) VALUES (4, 4);
INSERT INTO profesor (id, korisnik_id, katedra_id, zvanje) VALUES (1, 5, 1, 'vanredni profesor');
INSERT INTO profesor (id, korisnik_id, katedra_id, zvanje) VALUES (2, 6, 2, 'redovni profesor');
INSERT INTO profesor (id, korisnik_id, katedra_id, zvanje) VALUES (3, 7, 3, 'docent');
INSERT INTO profesor (id, korisnik_id, katedra_id, zvanje) VALUES (4, 8, 4, 'vanredni profesor');
INSERT INTO profesor (id, korisnik_id, katedra_id, zvanje) VALUES (5, 9, 1, 'redovni profesor');
INSERT INTO profesor (id, korisnik_id, katedra_id, zvanje) VALUES (6, 10, 2, 'docent');
INSERT INTO profesor (id, korisnik_id, katedra_id, zvanje) VALUES (7, 11, 3, 'vanredni profesor');
INSERT INTO profesor (id, korisnik_id, katedra_id, zvanje) VALUES (8, 12, 4, 'redovni profesor');
INSERT INTO profesor (id, korisnik_id, katedra_id, zvanje) VALUES (9, 13, 1, 'docent');
INSERT INTO profesor (id, korisnik_id, katedra_id, zvanje) VALUES (10, 14, 2, 'vanredni profesor');
INSERT INTO profesor (id, korisnik_id, katedra_id, zvanje) VALUES (11, 15, 3, 'redovni profesor');
INSERT INTO profesor (id, korisnik_id, katedra_id, zvanje) VALUES (12, 16, 4, 'docent');
INSERT INTO profesor (id, korisnik_id, katedra_id, zvanje) VALUES (13, 17, 1, 'vanredni profesor');
INSERT INTO profesor (id, korisnik_id, katedra_id, zvanje) VALUES (14, 18, 2, 'redovni profesor');
INSERT INTO profesor (id, korisnik_id, katedra_id, zvanje) VALUES (15, 19, 3, 'docent');
INSERT INTO profesor (id, korisnik_id, katedra_id, zvanje) VALUES (16, 20, 4, 'vanredni profesor');
SELECT setval(pg_get_serial_sequence('profesor','id'), (SELECT MAX(id) FROM profesor));
INSERT INTO predmet (id, sifra, naziv, espb, studijski_program_id, katedra_id, kratak_opis) VALUES (1, '13S001', 'Matematika 1', 8, 1, 1, 'Algebra, realne funkcije i diferencijalni račun.');
INSERT INTO sadrzaj_predmeta (predmet_id, cilj, ishodi_ucenja, metode_nastave, teme_kursa) VALUES (1, 'Cilj predmeta Matematika 1 je da student savlada teorijske i praktične osnove neophodne za dalji studij i inženjersku praksu u oblasti koju predmet pokriva.', 'Student je sposoban da primeni ključne koncepte kurseva u projektnim zadacima; analizira probleme i bira odgovarajuće algoritme i alate; dokumentuje rešenja.', 'Predavanja, vežbe, individualni i timski domaći zadaci, laboratorijske vežbe, kolokvijumi i završni ispit. Akcenat na aktivnom učenju i feedback-u.', 'Tok kursa obuhvata osnovne teme iz matematika 1, uključujući pregled literature, rad u razvojnom okruženju i vežbe iz tipskih zadataka iz_ispitne prakse.');
INSERT INTO predmet (id, sifra, naziv, espb, studijski_program_id, katedra_id, kratak_opis) VALUES (2, '13S002', 'Programiranje 1', 8, 1, 1, 'Uvod u algoritme, strukture podataka i Python/C.');
INSERT INTO sadrzaj_predmeta (predmet_id, cilj, ishodi_ucenja, metode_nastave, teme_kursa) VALUES (2, 'Cilj predmeta Programiranje 1 je da student savlada teorijske i praktične osnove neophodne za dalji studij i inženjersku praksu u oblasti koju predmet pokriva.', 'Student je sposoban da primeni ključne koncepte kurseva u projektnim zadacima; analizira probleme i bira odgovarajuće algoritme i alate; dokumentuje rešenja.', 'Predavanja, vežbe, individualni i timski domaći zadaci, laboratorijske vežbe, kolokvijumi i završni ispit. Akcenat na aktivnom učenju i feedback-u.', 'Tok kursa obuhvata osnovne teme iz programiranje 1, uključujući pregled literature, rad u razvojnom okruženju i vežbe iz tipskih zadataka iz_ispitne prakse.');
INSERT INTO predmet (id, sifra, naziv, espb, studijski_program_id, katedra_id, kratak_opis) VALUES (3, '13S021', 'Diskretne strukture', 6, 1, 1, 'Relacije, kombinatorika i osnovi teorije grafova.');
INSERT INTO sadrzaj_predmeta (predmet_id, cilj, ishodi_ucenja, metode_nastave, teme_kursa) VALUES (3, 'Cilj predmeta Diskretne strukture je da student savlada teorijske i praktične osnove neophodne za dalji studij i inženjersku praksu u oblasti koju predmet pokriva.', 'Student je sposoban da primeni ključne koncepte kurseva u projektnim zadacima; analizira probleme i bira odgovarajuće algoritme i alate; dokumentuje rešenja.', 'Predavanja, vežbe, individualni i timski domaći zadaci, laboratorijske vežbe, kolokvijumi i završni ispit. Akcenat na aktivnom učenju i feedback-u.', 'Tok kursa obuhvata osnovne teme iz diskretne strukture, uključujući pregled literature, rad u razvojnom okruženju i vežbe iz tipskih zadataka iz_ispitne prakse.');
INSERT INTO predmet (id, sifra, naziv, espb, studijski_program_id, katedra_id, kratak_opis) VALUES (4, '13S031', 'Objektno orijentisano programiranje', 8, 1, 1, 'SOLID, OOP dizajn i praksa: Java, C++, Python.');
INSERT INTO sadrzaj_predmeta (predmet_id, cilj, ishodi_ucenja, metode_nastave, teme_kursa) VALUES (4, 'Cilj predmeta Objektno orijentisano programiranje je da student savlada teorijske i praktične osnove neophodne za dalji studij i inženjersku praksu u oblasti koju predmet pokriva.', 'Student je sposoban da primeni ključne koncepte kurseva u projektnim zadacima; analizira probleme i bira odgovarajuće algoritme i alate; dokumentuje rešenja.', 'Predavanja, vežbe, individualni i timski domaći zadaci, laboratorijske vežbe, kolokvijumi i završni ispit. Akcenat na aktivnom učenju i feedback-u.', 'Tok kursa obuhvata osnovne teme iz objektno orijentisano programiranje, uključujući pregled literature, rad u razvojnom okruženju i vežbe iz tipskih zadataka iz_ispitne prakse.');
INSERT INTO predmet (id, sifra, naziv, espb, studijski_program_id, katedra_id, kratak_opis) VALUES (5, '13S032', 'Strukture i algoritmi', 8, 1, 1, 'Analiza složenosti, pretrage, sortiranje, grafovi.');
INSERT INTO sadrzaj_predmeta (predmet_id, cilj, ishodi_ucenja, metode_nastave, teme_kursa) VALUES (5, 'Cilj predmeta Strukture i algoritmi je da student savlada teorijske i praktične osnove neophodne za dalji studij i inženjersku praksu u oblasti koju predmet pokriva.', 'Student je sposoban da primeni ključne koncepte kurseva u projektnim zadacima; analizira probleme i bira odgovarajuće algoritme i alate; dokumentuje rešenja.', 'Predavanja, vežbe, individualni i timski domaći zadaci, laboratorijske vežbe, kolokvijumi i završni ispit. Akcenat na aktivnom učenju i feedback-u.', 'Tok kursa obuhvata osnovne teme iz strukture i algoritmi, uključujući pregled literature, rad u razvojnom okruženju i vežbe iz tipskih zadataka iz_ispitne prakse.');
INSERT INTO predmet (id, sifra, naziv, espb, studijski_program_id, katedra_id, kratak_opis) VALUES (6, '13S033', 'Operativni sistemi', 8, 1, 1, 'Procesi, niti, memorija i fajl sistemi (UNIX/Windows).');
INSERT INTO sadrzaj_predmeta (predmet_id, cilj, ishodi_ucenja, metode_nastave, teme_kursa) VALUES (6, 'Cilj predmeta Operativni sistemi je da student savlada teorijske i praktične osnove neophodne za dalji studij i inženjersku praksu u oblasti koju predmet pokriva.', 'Student je sposoban da primeni ključne koncepte kurseva u projektnim zadacima; analizira probleme i bira odgovarajuće algoritme i alate; dokumentuje rešenja.', 'Predavanja, vežbe, individualni i timski domaći zadaci, laboratorijske vežbe, kolokvijumi i završni ispit. Akcenat na aktivnom učenju i feedback-u.', 'Tok kursa obuhvata osnovne teme iz operativni sistemi, uključujući pregled literature, rad u razvojnom okruženju i vežbe iz tipskih zadataka iz_ispitne prakse.');
INSERT INTO predmet (id, sifra, naziv, espb, studijski_program_id, katedra_id, kratak_opis) VALUES (7, '13S041', 'Baze podataka', 8, 1, 1, 'SQL, normalizacija, transakcije; NoSQL uvod.');
INSERT INTO sadrzaj_predmeta (predmet_id, cilj, ishodi_ucenja, metode_nastave, teme_kursa) VALUES (7, 'Cilj predmeta Baze podataka je da student savlada teorijske i praktične osnove neophodne za dalji studij i inženjersku praksu u oblasti koju predmet pokriva.', 'Student je sposoban da primeni ključne koncepte kurseva u projektnim zadacima; analizira probleme i bira odgovarajuće algoritme i alate; dokumentuje rešenja.', 'Predavanja, vežbe, individualni i timski domaći zadaci, laboratorijske vežbe, kolokvijumi i završni ispit. Akcenat na aktivnom učenju i feedback-u.', 'Tok kursa obuhvata osnovne teme iz baze podataka, uključujući pregled literature, rad u razvojnom okruženju i vežbe iz tipskih zadataka iz_ispitne prakse.');
INSERT INTO predmet (id, sifra, naziv, espb, studijski_program_id, katedra_id, kratak_opis) VALUES (8, '13S042', 'Računarske mreže', 8, 1, 1, 'TCP/IP, HTTP, rute, bežične mreže.');
INSERT INTO sadrzaj_predmeta (predmet_id, cilj, ishodi_ucenja, metode_nastave, teme_kursa) VALUES (8, 'Cilj predmeta Računarske mreže je da student savlada teorijske i praktične osnove neophodne za dalji studij i inženjersku praksu u oblasti koju predmet pokriva.', 'Student je sposoban da primeni ključne koncepte kurseva u projektnim zadacima; analizira probleme i bira odgovarajuće algoritme i alate; dokumentuje rešenja.', 'Predavanja, vežbe, individualni i timski domaći zadaci, laboratorijske vežbe, kolokvijumi i završni ispit. Akcenat na aktivnom učenju i feedback-u.', 'Tok kursa obuhvata osnovne teme iz računarske mreže, uključujući pregled literature, rad u razvojnom okruženju i vežbe iz tipskih zadataka iz_ispitne prakse.');
INSERT INTO predmet (id, sifra, naziv, espb, studijski_program_id, katedra_id, kratak_opis) VALUES (9, '13S051', 'Paralelno programiranje', 6, 1, 1, 'OpenMP, CUDA, raspodela posla i metrike performansi.');
INSERT INTO sadrzaj_predmeta (predmet_id, cilj, ishodi_ucenja, metode_nastave, teme_kursa) VALUES (9, 'Cilj predmeta Paralelno programiranje je da student savlada teorijske i praktične osnove neophodne za dalji studij i inženjersku praksu u oblasti koju predmet pokriva.', 'Student je sposoban da primeni ključne koncepte kurseva u projektnim zadacima; analizira probleme i bira odgovarajuće algoritme i alate; dokumentuje rešenja.', 'Predavanja, vežbe, individualni i timski domaći zadaci, laboratorijske vežbe, kolokvijumi i završni ispit. Akcenat na aktivnom učenju i feedback-u.', 'Tok kursa obuhvata osnovne teme iz paralelno programiranje, uključujući pregled literature, rad u razvojnom okruženju i vežbe iz tipskih zadataka iz_ispitne prakse.');
INSERT INTO predmet (id, sifra, naziv, espb, studijski_program_id, katedra_id, kratak_opis) VALUES (10, '13S052', 'Verifikacija softvera', 6, 1, 1, 'Testiranje, formalne metode, property testing.');
INSERT INTO sadrzaj_predmeta (predmet_id, cilj, ishodi_ucenja, metode_nastave, teme_kursa) VALUES (10, 'Cilj predmeta Verifikacija softvera je da student savlada teorijske i praktične osnove neophodne za dalji studij i inženjersku praksu u oblasti koju predmet pokriva.', 'Student je sposoban da primeni ključne koncepte kurseva u projektnim zadacima; analizira probleme i bira odgovarajuće algoritme i alate; dokumentuje rešenja.', 'Predavanja, vežbe, individualni i timski domaći zadaci, laboratorijske vežbe, kolokvijumi i završni ispit. Akcenat na aktivnom učenju i feedback-u.', 'Tok kursa obuhvata osnovne teme iz verifikacija softvera, uključujući pregled literature, rad u razvojnom okruženju i vežbe iz tipskih zadataka iz_ispitne prakse.');
INSERT INTO predmet (id, sifra, naziv, espb, studijski_program_id, katedra_id, kratak_opis) VALUES (11, '13S053', 'Mašinsko učenje', 8, 2, 1, 'Regresija, klasifikacija, drveća odluke, neuronske mreže.');
INSERT INTO sadrzaj_predmeta (predmet_id, cilj, ishodi_ucenja, metode_nastave, teme_kursa) VALUES (11, 'Cilj predmeta Mašinsko učenje je da student savlada teorijske i praktične osnove neophodne za dalji studij i inženjersku praksu u oblasti koju predmet pokriva.', 'Student je sposoban da primeni ključne koncepte kurseva u projektnim zadacima; analizira probleme i bira odgovarajuće algoritme i alate; dokumentuje rešenja.', 'Predavanja, vežbe, individualni i timski domaći zadaci, laboratorijske vežbe, kolokvijumi i završni ispit. Akcenat na aktivnom učenju i feedback-u.', 'Tok kursa obuhvata osnovne teme iz mašinsko učenje, uključujući pregled literature, rad u razvojnom okruženju i vežbe iz tipskih zadataka iz_ispitne prakse.');
INSERT INTO predmet (id, sifra, naziv, espb, studijski_program_id, katedra_id, kratak_opis) VALUES (12, '13A010', 'Servo sistemi', 6, 3, 2, 'Modelovanje, diskretizacija i digitalno upravljanje.');
INSERT INTO sadrzaj_predmeta (predmet_id, cilj, ishodi_ucenja, metode_nastave, teme_kursa) VALUES (12, 'Cilj predmeta Servo sistemi je da student savlada teorijske i praktične osnove neophodne za dalji studij i inženjersku praksu u oblasti koju predmet pokriva.', 'Student je sposoban da primeni ključne koncepte kurseva u projektnim zadacima; analizira probleme i bira odgovarajuće algoritme i alate; dokumentuje rešenja.', 'Predavanja, vežbe, individualni i timski domaći zadaci, laboratorijske vežbe, kolokvijumi i završni ispit. Akcenat na aktivnom učenju i feedback-u.', 'Tok kursa obuhvata osnovne teme iz servo sistemi, uključujući pregled literature, rad u razvojnom okruženju i vežbe iz tipskih zadataka iz_ispitne prakse.');
INSERT INTO predmet (id, sifra, naziv, espb, studijski_program_id, katedra_id, kratak_opis) VALUES (13, '13A020', 'Upravljanje procesima', 6, 3, 2, 'PID, neizvesnost i primena u industriji.');
INSERT INTO sadrzaj_predmeta (predmet_id, cilj, ishodi_ucenja, metode_nastave, teme_kursa) VALUES (13, 'Cilj predmeta Upravljanje procesima je da student savlada teorijske i praktične osnove neophodne za dalji studij i inženjersku praksu u oblasti koju predmet pokriva.', 'Student je sposoban da primeni ključne koncepte kurseva u projektnim zadacima; analizira probleme i bira odgovarajuće algoritme i alate; dokumentuje rešenja.', 'Predavanja, vežbe, individualni i timski domaći zadaci, laboratorijske vežbe, kolokvijumi i završni ispit. Akcenat na aktivnom učenju i feedback-u.', 'Tok kursa obuhvata osnovne teme iz upravljanje procesima, uključujući pregled literature, rad u razvojnom okruženju i vežbe iz tipskih zadataka iz_ispitne prakse.');
INSERT INTO predmet (id, sifra, naziv, espb, studijski_program_id, katedra_id, kratak_opis) VALUES (14, '13E011', 'Električna merenja', 6, 4, 3, 'Senzori, analogni i digitalni signali, greške merenja.');
INSERT INTO sadrzaj_predmeta (predmet_id, cilj, ishodi_ucenja, metode_nastave, teme_kursa) VALUES (14, 'Cilj predmeta Električna merenja je da student savlada teorijske i praktične osnove neophodne za dalji studij i inženjersku praksu u oblasti koju predmet pokriva.', 'Student je sposoban da primeni ključne koncepte kurseva u projektnim zadacima; analizira probleme i bira odgovarajuće algoritme i alate; dokumentuje rešenja.', 'Predavanja, vežbe, individualni i timski domaći zadaci, laboratorijske vežbe, kolokvijumi i završni ispit. Akcenat na aktivnom učenju i feedback-u.', 'Tok kursa obuhvata osnovne teme iz električna merenja, uključujući pregled literature, rad u razvojnom okruženju i vežbe iz tipskih zadataka iz_ispitne prakse.');
INSERT INTO predmet (id, sifra, naziv, espb, studijski_program_id, katedra_id, kratak_opis) VALUES (15, '13E022', 'Električne mašine', 8, 4, 3, 'Transformatori i asinhroni motori.');
INSERT INTO sadrzaj_predmeta (predmet_id, cilj, ishodi_ucenja, metode_nastave, teme_kursa) VALUES (15, 'Cilj predmeta Električne mašine je da student savlada teorijske i praktične osnove neophodne za dalji studij i inženjersku praksu u oblasti koju predmet pokriva.', 'Student je sposoban da primeni ključne koncepte kurseva u projektnim zadacima; analizira probleme i bira odgovarajuće algoritme i alate; dokumentuje rešenja.', 'Predavanja, vežbe, individualni i timski domaći zadaci, laboratorijske vežbe, kolokvijumi i završni ispit. Akcenat na aktivnom učenju i feedback-u.', 'Tok kursa obuhvata osnovne teme iz električne mašine, uključujući pregled literature, rad u razvojnom okruženju i vežbe iz tipskih zadataka iz_ispitne prakse.');
INSERT INTO predmet (id, sifra, naziv, espb, studijski_program_id, katedra_id, kratak_opis) VALUES (16, '13T011', 'Digitalna komunikacija', 8, 5, 4, 'Simboli, šuma, modulacije, OFDM osnove.');
INSERT INTO sadrzaj_predmeta (predmet_id, cilj, ishodi_ucenja, metode_nastave, teme_kursa) VALUES (16, 'Cilj predmeta Digitalna komunikacija je da student savlada teorijske i praktične osnove neophodne za dalji studij i inženjersku praksu u oblasti koju predmet pokriva.', 'Student je sposoban da primeni ključne koncepte kurseva u projektnim zadacima; analizira probleme i bira odgovarajuće algoritme i alate; dokumentuje rešenja.', 'Predavanja, vežbe, individualni i timski domaći zadaci, laboratorijske vežbe, kolokvijumi i završni ispit. Akcenat na aktivnom učenju i feedback-u.', 'Tok kursa obuhvata osnovne teme iz digitalna komunikacija, uključujući pregled literature, rad u razvojnom okruženju i vežbe iz tipskih zadataka iz_ispitne prakse.');
INSERT INTO predmet (id, sifra, naziv, espb, studijski_program_id, katedra_id, kratak_opis) VALUES (17, '13T012', 'Antene i prostiranje', 6, 5, 4, 'Link budžet, polarizacija, antenski nizovi.');
INSERT INTO sadrzaj_predmeta (predmet_id, cilj, ishodi_ucenja, metode_nastave, teme_kursa) VALUES (17, 'Cilj predmeta Antene i prostiranje je da student savlada teorijske i praktične osnove neophodne za dalji studij i inženjersku praksu u oblasti koju predmet pokriva.', 'Student je sposoban da primeni ključne koncepte kurseva u projektnim zadacima; analizira probleme i bira odgovarajuće algoritme i alate; dokumentuje rešenja.', 'Predavanja, vežbe, individualni i timski domaći zadaci, laboratorijske vežbe, kolokvijumi i završni ispit. Akcenat na aktivnom učenju i feedback-u.', 'Tok kursa obuhvata osnovne teme iz antene i prostiranje, uključujući pregled literature, rad u razvojnom okruženju i vežbe iz tipskih zadataka iz_ispitne prakse.');
INSERT INTO predmet (id, sifra, naziv, espb, studijski_program_id, katedra_id, kratak_opis) VALUES (18, '13T013', 'Bežične senzorske mreže', 6, 6, 4, 'MAC protokoli, rutiranje i energetska efikasnost.');
INSERT INTO sadrzaj_predmeta (predmet_id, cilj, ishodi_ucenja, metode_nastave, teme_kursa) VALUES (18, 'Cilj predmeta Bežične senzorske mreže je da student savlada teorijske i praktične osnove neophodne za dalji studij i inženjersku praksu u oblasti koju predmet pokriva.', 'Student je sposoban da primeni ključne koncepte kurseva u projektnim zadacima; analizira probleme i bira odgovarajuće algoritme i alate; dokumentuje rešenja.', 'Predavanja, vežbe, individualni i timski domaći zadaci, laboratorijske vežbe, kolokvijumi i završni ispit. Akcenat na aktivnom učenju i feedback-u.', 'Tok kursa obuhvata osnovne teme iz bežične senzorske mreže, uključujući pregled literature, rad u razvojnom okruženju i vežbe iz tipskih zadataka iz_ispitne prakse.');
INSERT INTO predmet (id, sifra, naziv, espb, studijski_program_id, katedra_id, kratak_opis) VALUES (19, '13S061', 'Distribuirani sist', 8, 2, 1, 'Replikacija, konsenzus, striming platforme.');
INSERT INTO sadrzaj_predmeta (predmet_id, cilj, ishodi_ucenja, metode_nastave, teme_kursa) VALUES (19, 'Cilj predmeta Distribuirani sist je da student savlada teorijske i praktične osnove neophodne za dalji studij i inženjersku praksu u oblasti koju predmet pokriva.', 'Student je sposoban da primeni ključne koncepte kurseva u projektnim zadacima; analizira probleme i bira odgovarajuće algoritme i alate; dokumentuje rešenja.', 'Predavanja, vežbe, individualni i timski domaći zadaci, laboratorijske vežbe, kolokvijumi i završni ispit. Akcenat na aktivnom učenju i feedback-u.', 'Tok kursa obuhvata osnovne teme iz distribuirani sist, uključujući pregled literature, rad u razvojnom okruženju i vežbe iz tipskih zadataka iz_ispitne prakse.');
INSERT INTO predmet (id, sifra, naziv, espb, studijski_program_id, katedra_id, kratak_opis) VALUES (20, '13S062', 'Sigurnost informacija', 6, 1, 1, 'Kriptografija, OAuth, OWASP, bezbednost mreža.');
INSERT INTO sadrzaj_predmeta (predmet_id, cilj, ishodi_ucenja, metode_nastave, teme_kursa) VALUES (20, 'Cilj predmeta Sigurnost informacija je da student savlada teorijske i praktične osnove neophodne za dalji studij i inženjersku praksu u oblasti koju predmet pokriva.', 'Student je sposoban da primeni ključne koncepte kurseva u projektnim zadacima; analizira probleme i bira odgovarajuće algoritme i alate; dokumentuje rešenja.', 'Predavanja, vežbe, individualni i timski domaći zadaci, laboratorijske vežbe, kolokvijumi i završni ispit. Akcenat na aktivnom učenju i feedback-u.', 'Tok kursa obuhvata osnovne teme iz sigurnost informacija, uključujući pregled literature, rad u razvojnom okruženju i vežbe iz tipskih zadataka iz_ispitne prakse.');
INSERT INTO predmet (id, sifra, naziv, espb, studijski_program_id, katedra_id, kratak_opis) VALUES (21, '13S063', 'Web tehnologije', 6, 2, 1, 'HTML, REST, React, mikroservisi.');
INSERT INTO sadrzaj_predmeta (predmet_id, cilj, ishodi_ucenja, metode_nastave, teme_kursa) VALUES (21, 'Cilj predmeta Web tehnologije je da student savlada teorijske i praktične osnove neophodne za dalji studij i inženjersku praksu u oblasti koju predmet pokriva.', 'Student je sposoban da primeni ključne koncepte kurseva u projektnim zadacima; analizira probleme i bira odgovarajuće algoritme i alate; dokumentuje rešenja.', 'Predavanja, vežbe, individualni i timski domaći zadaci, laboratorijske vežbe, kolokvijumi i završni ispit. Akcenat na aktivnom učenju i feedback-u.', 'Tok kursa obuhvata osnovne teme iz web tehnologije, uključujući pregled literature, rad u razvojnom okruženju i vežbe iz tipskih zadataka iz_ispitne prakse.');
INSERT INTO predmet (id, sifra, naziv, espb, studijski_program_id, katedra_id, kratak_opis) VALUES (22, '13S071', 'Kompajleri', 8, 2, 1, 'Leksička i sintaksna analiza, optimizacije, LLVM uvod.');
INSERT INTO sadrzaj_predmeta (predmet_id, cilj, ishodi_ucenja, metode_nastave, teme_kursa) VALUES (22, 'Cilj predmeta Kompajleri je da student savlada teorijske i praktične osnove neophodne za dalji studij i inženjersku praksu u oblasti koju predmet pokriva.', 'Student je sposoban da primeni ključne koncepte kurseva u projektnim zadacima; analizira probleme i bira odgovarajuće algoritme i alate; dokumentuje rešenja.', 'Predavanja, vežbe, individualni i timski domaći zadaci, laboratorijske vežbe, kolokvijumi i završni ispit. Akcenat na aktivnom učenju i feedback-u.', 'Tok kursa obuhvata osnovne teme iz kompajleri, uključujući pregled literature, rad u razvojnom okruženju i vežbe iz tipskih zadataka iz_ispitne prakse.');
INSERT INTO predmet (id, sifra, naziv, espb, studijski_program_id, katedra_id, kratak_opis) VALUES (23, '13S072', 'Cloud computing', 6, 2, 1, 'Virtuelizacija, Docker, Kubernetes, skaliranje.');
INSERT INTO sadrzaj_predmeta (predmet_id, cilj, ishodi_ucenja, metode_nastave, teme_kursa) VALUES (23, 'Cilj predmeta Cloud computing je da student savlada teorijske i praktične osnove neophodne za dalji studij i inženjersku praksu u oblasti koju predmet pokriva.', 'Student je sposoban da primeni ključne koncepte kurseva u projektnim zadacima; analizira probleme i bira odgovarajuće algoritme i alate; dokumentuje rešenja.', 'Predavanja, vežbe, individualni i timski domaći zadaci, laboratorijske vežbe, kolokvijumi i završni ispit. Akcenat na aktivnom učenju i feedback-u.', 'Tok kursa obuhvata osnovne teme iz cloud computing, uključujući pregled literature, rad u razvojnom okruženju i vežbe iz tipskih zadataka iz_ispitne prakse.');
INSERT INTO predmet (id, sifra, naziv, espb, studijski_program_id, katedra_id, kratak_opis) VALUES (24, '13S073', 'Informacioni sistemi', 6, 1, 1, 'ER modeli, integracija, BI i veliki podaci.');
INSERT INTO sadrzaj_predmeta (predmet_id, cilj, ishodi_ucenja, metode_nastave, teme_kursa) VALUES (24, 'Cilj predmeta Informacioni sistemi je da student savlada teorijske i praktične osnove neophodne za dalji studij i inženjersku praksu u oblasti koju predmet pokriva.', 'Student je sposoban da primeni ključne koncepte kurseva u projektnim zadacima; analizira probleme i bira odgovarajuće algoritme i alate; dokumentuje rešenja.', 'Predavanja, vežbe, individualni i timski domaći zadaci, laboratorijske vežbe, kolokvijumi i završni ispit. Akcenat na aktivnom učenju i feedback-u.', 'Tok kursa obuhvata osnovne teme iz informacioni sistemi, uključujući pregled literature, rad u razvojnom okruženju i vežbe iz tipskih zadataka iz_ispitne prakse.');
INSERT INTO preduslov (predmet_id, preduslov_predmet_id) VALUES (2, 1);
INSERT INTO preduslov (predmet_id, preduslov_predmet_id) VALUES (3, 2);
INSERT INTO preduslov (predmet_id, preduslov_predmet_id) VALUES (4, 3);
INSERT INTO preduslov (predmet_id, preduslov_predmet_id) VALUES (5, 4);
INSERT INTO preduslov (predmet_id, preduslov_predmet_id) VALUES (6, 5);
INSERT INTO preduslov (predmet_id, preduslov_predmet_id) VALUES (7, 6);
INSERT INTO preduslov (predmet_id, preduslov_predmet_id) VALUES (8, 7);
INSERT INTO preduslov (predmet_id, preduslov_predmet_id) VALUES (9, 8);
INSERT INTO preduslov (predmet_id, preduslov_predmet_id) VALUES (10, 9);
INSERT INTO preduslov (predmet_id, preduslov_predmet_id) VALUES (11, 10);
INSERT INTO preduslov (predmet_id, preduslov_predmet_id) VALUES (12, 11);
INSERT INTO preduslov (predmet_id, preduslov_predmet_id) VALUES (13, 12);
INSERT INTO preduslov (predmet_id, preduslov_predmet_id) VALUES (14, 13);
INSERT INTO preduslov (predmet_id, preduslov_predmet_id) VALUES (15, 14);
INSERT INTO preduslov (predmet_id, preduslov_predmet_id) VALUES (16, 15);
INSERT INTO preduslov (predmet_id, preduslov_predmet_id) VALUES (17, 16);
INSERT INTO preduslov (predmet_id, preduslov_predmet_id) VALUES (18, 17);
INSERT INTO preduslov (predmet_id, preduslov_predmet_id) VALUES (19, 18);
INSERT INTO preduslov (predmet_id, preduslov_predmet_id) VALUES (20, 19);
INSERT INTO preduslov (predmet_id, preduslov_predmet_id) VALUES (21, 20);
INSERT INTO preduslov (predmet_id, preduslov_predmet_id) VALUES (22, 21);
INSERT INTO preduslov (predmet_id, preduslov_predmet_id) VALUES (23, 22);
INSERT INTO preduslov (predmet_id, preduslov_predmet_id) VALUES (24, 23);
SELECT setval(pg_get_serial_sequence('preduslov','id'), COALESCE((SELECT MAX(id) FROM preduslov), 1));
INSERT INTO ispitni_rok (id, naziv, skolska_godina, tip) VALUES (1, 'Januarski ispitni rok', '2023/24', 'zimski');
INSERT INTO ispitni_rok (id, naziv, skolska_godina, tip) VALUES (2, 'Aprilski ispitni rok', '2023/24', 'prolećni');
INSERT INTO ispitni_rok (id, naziv, skolska_godina, tip) VALUES (3, 'Junski ispitni rok', '2023/24', 'letnji');
INSERT INTO ispitni_rok (id, naziv, skolska_godina, tip) VALUES (4, 'Septembarski rok', '2024/25', 'letnji');
INSERT INTO ispitni_rok (id, naziv, skolska_godina, tip) VALUES (5, 'Januarski ispitni rok', '2024/25', 'zimski');
INSERT INTO ispitni_rok (id, naziv, skolska_godina, tip) VALUES (6, 'Aprilski ispitni rok', '2024/25', 'prolećni');
SELECT setval(pg_get_serial_sequence('ispitni_rok','id'), (SELECT MAX(id) FROM ispitni_rok));
INSERT INTO ispitni_termin (id, ispitni_rok_id, predmet_id, datum_vreme, sala) VALUES (1, 1, 1, '2024-02-01T10:00:00+00:00', 'A-102');
INSERT INTO ispitni_termin (id, ispitni_rok_id, predmet_id, datum_vreme, sala) VALUES (2, 1, 2, '2024-02-01T11:00:00+00:00', 'B-201');
INSERT INTO ispitni_termin (id, ispitni_rok_id, predmet_id, datum_vreme, sala) VALUES (3, 1, 3, '2024-01-29T12:00:00+00:00', 'RC-05');
INSERT INTO ispitni_termin (id, ispitni_rok_id, predmet_id, datum_vreme, sala) VALUES (4, 1, 4, '2024-01-29T13:00:00+00:00', 'AMP-1');
INSERT INTO ispitni_termin (id, ispitni_rok_id, predmet_id, datum_vreme, sala) VALUES (5, 1, 5, '2024-01-31T09:00:00+00:00', 'A-101');
INSERT INTO ispitni_termin (id, ispitni_rok_id, predmet_id, datum_vreme, sala) VALUES (6, 1, 6, '2024-02-06T10:00:00+00:00', 'A-102');
INSERT INTO ispitni_termin (id, ispitni_rok_id, predmet_id, datum_vreme, sala) VALUES (7, 1, 7, '2024-01-31T11:00:00+00:00', 'B-201');
INSERT INTO ispitni_termin (id, ispitni_rok_id, predmet_id, datum_vreme, sala) VALUES (8, 1, 8, '2024-02-06T12:00:00+00:00', 'RC-05');
INSERT INTO ispitni_termin (id, ispitni_rok_id, predmet_id, datum_vreme, sala) VALUES (9, 1, 9, '2024-01-28T13:00:00+00:00', 'AMP-1');
INSERT INTO ispitni_termin (id, ispitni_rok_id, predmet_id, datum_vreme, sala) VALUES (10, 1, 10, '2024-01-28T09:00:00+00:00', 'A-101');
INSERT INTO ispitni_termin (id, ispitni_rok_id, predmet_id, datum_vreme, sala) VALUES (11, 1, 11, '2024-01-28T10:00:00+00:00', 'A-102');
INSERT INTO ispitni_termin (id, ispitni_rok_id, predmet_id, datum_vreme, sala) VALUES (12, 1, 12, '2024-01-28T11:00:00+00:00', 'B-201');
INSERT INTO ispitni_termin (id, ispitni_rok_id, predmet_id, datum_vreme, sala) VALUES (13, 1, 13, '2024-01-30T12:00:00+00:00', 'RC-05');
INSERT INTO ispitni_termin (id, ispitni_rok_id, predmet_id, datum_vreme, sala) VALUES (14, 1, 16, '2024-02-01T13:00:00+00:00', 'AMP-1');
INSERT INTO ispitni_termin (id, ispitni_rok_id, predmet_id, datum_vreme, sala) VALUES (15, 1, 17, '2024-02-07T09:00:00+00:00', 'A-101');
INSERT INTO ispitni_termin (id, ispitni_rok_id, predmet_id, datum_vreme, sala) VALUES (16, 1, 18, '2024-01-29T10:00:00+00:00', 'A-102');
INSERT INTO ispitni_termin (id, ispitni_rok_id, predmet_id, datum_vreme, sala) VALUES (17, 1, 19, '2024-01-31T11:00:00+00:00', 'B-201');
INSERT INTO ispitni_termin (id, ispitni_rok_id, predmet_id, datum_vreme, sala) VALUES (18, 1, 20, '2024-01-30T12:00:00+00:00', 'RC-05');
INSERT INTO ispitni_termin (id, ispitni_rok_id, predmet_id, datum_vreme, sala) VALUES (19, 1, 21, '2024-02-01T13:00:00+00:00', 'AMP-1');
INSERT INTO ispitni_termin (id, ispitni_rok_id, predmet_id, datum_vreme, sala) VALUES (20, 1, 22, '2024-02-02T09:00:00+00:00', 'A-101');
INSERT INTO ispitni_termin (id, ispitni_rok_id, predmet_id, datum_vreme, sala) VALUES (21, 1, 23, '2024-02-02T10:00:00+00:00', 'A-102');
INSERT INTO ispitni_termin (id, ispitni_rok_id, predmet_id, datum_vreme, sala) VALUES (22, 1, 24, '2024-01-30T11:00:00+00:00', 'B-201');
INSERT INTO ispitni_termin (id, ispitni_rok_id, predmet_id, datum_vreme, sala) VALUES (23, 2, 1, '2024-02-19T12:00:00+00:00', 'RC-05');
INSERT INTO ispitni_termin (id, ispitni_rok_id, predmet_id, datum_vreme, sala) VALUES (24, 2, 2, '2024-02-19T13:00:00+00:00', 'AMP-1');
INSERT INTO ispitni_termin (id, ispitni_rok_id, predmet_id, datum_vreme, sala) VALUES (25, 2, 3, '2024-02-16T09:00:00+00:00', 'A-101');
INSERT INTO ispitni_termin (id, ispitni_rok_id, predmet_id, datum_vreme, sala) VALUES (26, 2, 4, '2024-02-16T10:00:00+00:00', 'A-102');
INSERT INTO ispitni_termin (id, ispitni_rok_id, predmet_id, datum_vreme, sala) VALUES (27, 2, 5, '2024-02-18T11:00:00+00:00', 'B-201');
INSERT INTO ispitni_termin (id, ispitni_rok_id, predmet_id, datum_vreme, sala) VALUES (28, 2, 7, '2024-02-18T12:00:00+00:00', 'RC-05');
INSERT INTO ispitni_termin (id, ispitni_rok_id, predmet_id, datum_vreme, sala) VALUES (29, 2, 8, '2024-02-24T13:00:00+00:00', 'AMP-1');
INSERT INTO ispitni_termin (id, ispitni_rok_id, predmet_id, datum_vreme, sala) VALUES (30, 2, 9, '2024-02-15T09:00:00+00:00', 'A-101');
INSERT INTO ispitni_termin (id, ispitni_rok_id, predmet_id, datum_vreme, sala) VALUES (31, 2, 10, '2024-02-15T10:00:00+00:00', 'A-102');
INSERT INTO ispitni_termin (id, ispitni_rok_id, predmet_id, datum_vreme, sala) VALUES (32, 2, 12, '2024-02-15T11:00:00+00:00', 'B-201');
INSERT INTO ispitni_termin (id, ispitni_rok_id, predmet_id, datum_vreme, sala) VALUES (33, 2, 14, '2024-02-25T12:00:00+00:00', 'RC-05');
INSERT INTO ispitni_termin (id, ispitni_rok_id, predmet_id, datum_vreme, sala) VALUES (34, 2, 16, '2024-02-19T13:00:00+00:00', 'AMP-1');
INSERT INTO ispitni_termin (id, ispitni_rok_id, predmet_id, datum_vreme, sala) VALUES (35, 2, 17, '2024-02-25T09:00:00+00:00', 'A-101');
INSERT INTO ispitni_termin (id, ispitni_rok_id, predmet_id, datum_vreme, sala) VALUES (36, 2, 18, '2024-02-16T10:00:00+00:00', 'A-102');
INSERT INTO ispitni_termin (id, ispitni_rok_id, predmet_id, datum_vreme, sala) VALUES (37, 2, 19, '2024-02-18T11:00:00+00:00', 'B-201');
INSERT INTO ispitni_termin (id, ispitni_rok_id, predmet_id, datum_vreme, sala) VALUES (38, 2, 20, '2024-02-17T12:00:00+00:00', 'RC-05');
INSERT INTO ispitni_termin (id, ispitni_rok_id, predmet_id, datum_vreme, sala) VALUES (39, 2, 21, '2024-02-19T13:00:00+00:00', 'AMP-1');
INSERT INTO ispitni_termin (id, ispitni_rok_id, predmet_id, datum_vreme, sala) VALUES (40, 2, 23, '2024-02-20T09:00:00+00:00', 'A-101');
INSERT INTO ispitni_termin (id, ispitni_rok_id, predmet_id, datum_vreme, sala) VALUES (41, 2, 24, '2024-02-17T10:00:00+00:00', 'A-102');
INSERT INTO ispitni_termin (id, ispitni_rok_id, predmet_id, datum_vreme, sala) VALUES (42, 3, 2, '2024-03-08T11:00:00+00:00', 'B-201');
INSERT INTO ispitni_termin (id, ispitni_rok_id, predmet_id, datum_vreme, sala) VALUES (43, 3, 3, '2024-03-05T12:00:00+00:00', 'RC-05');
INSERT INTO ispitni_termin (id, ispitni_rok_id, predmet_id, datum_vreme, sala) VALUES (44, 3, 4, '2024-03-05T13:00:00+00:00', 'AMP-1');
INSERT INTO ispitni_termin (id, ispitni_rok_id, predmet_id, datum_vreme, sala) VALUES (45, 3, 5, '2024-03-07T09:00:00+00:00', 'A-101');
INSERT INTO ispitni_termin (id, ispitni_rok_id, predmet_id, datum_vreme, sala) VALUES (46, 3, 6, '2024-03-13T10:00:00+00:00', 'A-102');
INSERT INTO ispitni_termin (id, ispitni_rok_id, predmet_id, datum_vreme, sala) VALUES (47, 3, 7, '2024-03-07T11:00:00+00:00', 'B-201');
INSERT INTO ispitni_termin (id, ispitni_rok_id, predmet_id, datum_vreme, sala) VALUES (48, 3, 9, '2024-03-04T12:00:00+00:00', 'RC-05');
INSERT INTO ispitni_termin (id, ispitni_rok_id, predmet_id, datum_vreme, sala) VALUES (49, 3, 10, '2024-03-04T13:00:00+00:00', 'AMP-1');
INSERT INTO ispitni_termin (id, ispitni_rok_id, predmet_id, datum_vreme, sala) VALUES (50, 3, 11, '2024-03-04T09:00:00+00:00', 'A-101');
INSERT INTO ispitni_termin (id, ispitni_rok_id, predmet_id, datum_vreme, sala) VALUES (51, 3, 12, '2024-03-04T10:00:00+00:00', 'A-102');
INSERT INTO ispitni_termin (id, ispitni_rok_id, predmet_id, datum_vreme, sala) VALUES (52, 3, 13, '2024-03-06T11:00:00+00:00', 'B-201');
INSERT INTO ispitni_termin (id, ispitni_rok_id, predmet_id, datum_vreme, sala) VALUES (53, 3, 15, '2024-03-10T12:00:00+00:00', 'RC-05');
INSERT INTO ispitni_termin (id, ispitni_rok_id, predmet_id, datum_vreme, sala) VALUES (54, 3, 16, '2024-03-08T13:00:00+00:00', 'AMP-1');
INSERT INTO ispitni_termin (id, ispitni_rok_id, predmet_id, datum_vreme, sala) VALUES (55, 3, 17, '2024-03-14T09:00:00+00:00', 'A-101');
INSERT INTO ispitni_termin (id, ispitni_rok_id, predmet_id, datum_vreme, sala) VALUES (56, 3, 18, '2024-03-05T10:00:00+00:00', 'A-102');
INSERT INTO ispitni_termin (id, ispitni_rok_id, predmet_id, datum_vreme, sala) VALUES (57, 3, 19, '2024-03-07T11:00:00+00:00', 'B-201');
INSERT INTO ispitni_termin (id, ispitni_rok_id, predmet_id, datum_vreme, sala) VALUES (58, 3, 20, '2024-03-06T12:00:00+00:00', 'RC-05');
INSERT INTO ispitni_termin (id, ispitni_rok_id, predmet_id, datum_vreme, sala) VALUES (59, 3, 21, '2024-03-08T13:00:00+00:00', 'AMP-1');
INSERT INTO ispitni_termin (id, ispitni_rok_id, predmet_id, datum_vreme, sala) VALUES (60, 3, 22, '2024-03-09T09:00:00+00:00', 'A-101');
INSERT INTO ispitni_termin (id, ispitni_rok_id, predmet_id, datum_vreme, sala) VALUES (61, 4, 1, '2024-03-26T10:00:00+00:00', 'A-102');
INSERT INTO ispitni_termin (id, ispitni_rok_id, predmet_id, datum_vreme, sala) VALUES (62, 4, 2, '2024-03-26T11:00:00+00:00', 'B-201');
INSERT INTO ispitni_termin (id, ispitni_rok_id, predmet_id, datum_vreme, sala) VALUES (63, 4, 3, '2024-03-23T12:00:00+00:00', 'RC-05');
INSERT INTO ispitni_termin (id, ispitni_rok_id, predmet_id, datum_vreme, sala) VALUES (64, 4, 4, '2024-03-23T13:00:00+00:00', 'AMP-1');
INSERT INTO ispitni_termin (id, ispitni_rok_id, predmet_id, datum_vreme, sala) VALUES (65, 4, 5, '2024-03-25T09:00:00+00:00', 'A-101');
INSERT INTO ispitni_termin (id, ispitni_rok_id, predmet_id, datum_vreme, sala) VALUES (66, 4, 6, '2024-03-31T10:00:00+00:00', 'A-102');
INSERT INTO ispitni_termin (id, ispitni_rok_id, predmet_id, datum_vreme, sala) VALUES (67, 4, 9, '2024-03-22T11:00:00+00:00', 'B-201');
INSERT INTO ispitni_termin (id, ispitni_rok_id, predmet_id, datum_vreme, sala) VALUES (68, 4, 11, '2024-03-22T12:00:00+00:00', 'RC-05');
INSERT INTO ispitni_termin (id, ispitni_rok_id, predmet_id, datum_vreme, sala) VALUES (69, 4, 12, '2024-03-22T13:00:00+00:00', 'AMP-1');
INSERT INTO ispitni_termin (id, ispitni_rok_id, predmet_id, datum_vreme, sala) VALUES (70, 4, 13, '2024-03-24T09:00:00+00:00', 'A-101');
INSERT INTO ispitni_termin (id, ispitni_rok_id, predmet_id, datum_vreme, sala) VALUES (71, 4, 14, '2024-04-01T10:00:00+00:00', 'A-102');
INSERT INTO ispitni_termin (id, ispitni_rok_id, predmet_id, datum_vreme, sala) VALUES (72, 4, 15, '2024-03-28T11:00:00+00:00', 'B-201');
INSERT INTO ispitni_termin (id, ispitni_rok_id, predmet_id, datum_vreme, sala) VALUES (73, 4, 16, '2024-03-26T12:00:00+00:00', 'RC-05');
INSERT INTO ispitni_termin (id, ispitni_rok_id, predmet_id, datum_vreme, sala) VALUES (74, 4, 18, '2024-03-23T13:00:00+00:00', 'AMP-1');
INSERT INTO ispitni_termin (id, ispitni_rok_id, predmet_id, datum_vreme, sala) VALUES (75, 4, 19, '2024-03-25T09:00:00+00:00', 'A-101');
INSERT INTO ispitni_termin (id, ispitni_rok_id, predmet_id, datum_vreme, sala) VALUES (76, 4, 20, '2024-03-24T10:00:00+00:00', 'A-102');
INSERT INTO ispitni_termin (id, ispitni_rok_id, predmet_id, datum_vreme, sala) VALUES (77, 4, 21, '2024-03-26T11:00:00+00:00', 'B-201');
INSERT INTO ispitni_termin (id, ispitni_rok_id, predmet_id, datum_vreme, sala) VALUES (78, 4, 22, '2024-03-27T12:00:00+00:00', 'RC-05');
INSERT INTO ispitni_termin (id, ispitni_rok_id, predmet_id, datum_vreme, sala) VALUES (79, 4, 23, '2024-03-27T13:00:00+00:00', 'AMP-1');
INSERT INTO ispitni_termin (id, ispitni_rok_id, predmet_id, datum_vreme, sala) VALUES (80, 4, 24, '2024-03-24T09:00:00+00:00', 'A-101');
INSERT INTO ispitni_termin (id, ispitni_rok_id, predmet_id, datum_vreme, sala) VALUES (81, 5, 1, '2024-04-13T10:00:00+00:00', 'A-102');
INSERT INTO ispitni_termin (id, ispitni_rok_id, predmet_id, datum_vreme, sala) VALUES (82, 5, 2, '2024-04-13T11:00:00+00:00', 'B-201');
INSERT INTO ispitni_termin (id, ispitni_rok_id, predmet_id, datum_vreme, sala) VALUES (83, 5, 3, '2024-04-10T12:00:00+00:00', 'RC-05');
INSERT INTO ispitni_termin (id, ispitni_rok_id, predmet_id, datum_vreme, sala) VALUES (84, 5, 4, '2024-04-10T13:00:00+00:00', 'AMP-1');
INSERT INTO ispitni_termin (id, ispitni_rok_id, predmet_id, datum_vreme, sala) VALUES (85, 5, 6, '2024-04-18T09:00:00+00:00', 'A-101');
INSERT INTO ispitni_termin (id, ispitni_rok_id, predmet_id, datum_vreme, sala) VALUES (86, 5, 7, '2024-04-12T10:00:00+00:00', 'A-102');
INSERT INTO ispitni_termin (id, ispitni_rok_id, predmet_id, datum_vreme, sala) VALUES (87, 5, 9, '2024-04-09T11:00:00+00:00', 'B-201');
INSERT INTO ispitni_termin (id, ispitni_rok_id, predmet_id, datum_vreme, sala) VALUES (88, 5, 10, '2024-04-09T12:00:00+00:00', 'RC-05');
INSERT INTO ispitni_termin (id, ispitni_rok_id, predmet_id, datum_vreme, sala) VALUES (89, 5, 11, '2024-04-09T13:00:00+00:00', 'AMP-1');
INSERT INTO ispitni_termin (id, ispitni_rok_id, predmet_id, datum_vreme, sala) VALUES (90, 5, 12, '2024-04-09T09:00:00+00:00', 'A-101');
INSERT INTO ispitni_termin (id, ispitni_rok_id, predmet_id, datum_vreme, sala) VALUES (91, 5, 13, '2024-04-11T10:00:00+00:00', 'A-102');
INSERT INTO ispitni_termin (id, ispitni_rok_id, predmet_id, datum_vreme, sala) VALUES (92, 5, 14, '2024-04-19T11:00:00+00:00', 'B-201');
INSERT INTO ispitni_termin (id, ispitni_rok_id, predmet_id, datum_vreme, sala) VALUES (93, 5, 15, '2024-04-15T12:00:00+00:00', 'RC-05');
INSERT INTO ispitni_termin (id, ispitni_rok_id, predmet_id, datum_vreme, sala) VALUES (94, 5, 16, '2024-04-13T13:00:00+00:00', 'AMP-1');
INSERT INTO ispitni_termin (id, ispitni_rok_id, predmet_id, datum_vreme, sala) VALUES (95, 5, 17, '2024-04-19T09:00:00+00:00', 'A-101');
INSERT INTO ispitni_termin (id, ispitni_rok_id, predmet_id, datum_vreme, sala) VALUES (96, 5, 18, '2024-04-10T10:00:00+00:00', 'A-102');
INSERT INTO ispitni_termin (id, ispitni_rok_id, predmet_id, datum_vreme, sala) VALUES (97, 5, 19, '2024-04-12T11:00:00+00:00', 'B-201');
INSERT INTO ispitni_termin (id, ispitni_rok_id, predmet_id, datum_vreme, sala) VALUES (98, 5, 20, '2024-04-11T12:00:00+00:00', 'RC-05');
INSERT INTO ispitni_termin (id, ispitni_rok_id, predmet_id, datum_vreme, sala) VALUES (99, 5, 22, '2024-04-14T13:00:00+00:00', 'AMP-1');
INSERT INTO ispitni_termin (id, ispitni_rok_id, predmet_id, datum_vreme, sala) VALUES (100, 5, 23, '2024-04-14T09:00:00+00:00', 'A-101');
INSERT INTO ispitni_termin (id, ispitni_rok_id, predmet_id, datum_vreme, sala) VALUES (101, 6, 1, '2024-05-01T10:00:00+00:00', 'A-102');
INSERT INTO ispitni_termin (id, ispitni_rok_id, predmet_id, datum_vreme, sala) VALUES (102, 6, 2, '2024-05-01T11:00:00+00:00', 'B-201');
INSERT INTO ispitni_termin (id, ispitni_rok_id, predmet_id, datum_vreme, sala) VALUES (103, 6, 3, '2024-04-28T12:00:00+00:00', 'RC-05');
INSERT INTO ispitni_termin (id, ispitni_rok_id, predmet_id, datum_vreme, sala) VALUES (104, 6, 4, '2024-04-28T13:00:00+00:00', 'AMP-1');
INSERT INTO ispitni_termin (id, ispitni_rok_id, predmet_id, datum_vreme, sala) VALUES (105, 6, 5, '2024-04-30T09:00:00+00:00', 'A-101');
INSERT INTO ispitni_termin (id, ispitni_rok_id, predmet_id, datum_vreme, sala) VALUES (106, 6, 7, '2024-04-30T10:00:00+00:00', 'A-102');
INSERT INTO ispitni_termin (id, ispitni_rok_id, predmet_id, datum_vreme, sala) VALUES (107, 6, 9, '2024-04-27T11:00:00+00:00', 'B-201');
INSERT INTO ispitni_termin (id, ispitni_rok_id, predmet_id, datum_vreme, sala) VALUES (108, 6, 10, '2024-04-27T12:00:00+00:00', 'RC-05');
INSERT INTO ispitni_termin (id, ispitni_rok_id, predmet_id, datum_vreme, sala) VALUES (109, 6, 11, '2024-04-27T13:00:00+00:00', 'AMP-1');
INSERT INTO ispitni_termin (id, ispitni_rok_id, predmet_id, datum_vreme, sala) VALUES (110, 6, 12, '2024-04-27T09:00:00+00:00', 'A-101');
INSERT INTO ispitni_termin (id, ispitni_rok_id, predmet_id, datum_vreme, sala) VALUES (111, 6, 13, '2024-04-29T10:00:00+00:00', 'A-102');
INSERT INTO ispitni_termin (id, ispitni_rok_id, predmet_id, datum_vreme, sala) VALUES (112, 6, 14, '2024-05-07T11:00:00+00:00', 'B-201');
INSERT INTO ispitni_termin (id, ispitni_rok_id, predmet_id, datum_vreme, sala) VALUES (113, 6, 16, '2024-05-01T12:00:00+00:00', 'RC-05');
INSERT INTO ispitni_termin (id, ispitni_rok_id, predmet_id, datum_vreme, sala) VALUES (114, 6, 17, '2024-05-07T13:00:00+00:00', 'AMP-1');
INSERT INTO ispitni_termin (id, ispitni_rok_id, predmet_id, datum_vreme, sala) VALUES (115, 6, 18, '2024-04-28T09:00:00+00:00', 'A-101');
INSERT INTO ispitni_termin (id, ispitni_rok_id, predmet_id, datum_vreme, sala) VALUES (116, 6, 21, '2024-05-01T10:00:00+00:00', 'A-102');
INSERT INTO ispitni_termin (id, ispitni_rok_id, predmet_id, datum_vreme, sala) VALUES (117, 6, 22, '2024-05-02T11:00:00+00:00', 'B-201');
INSERT INTO ispitni_termin (id, ispitni_rok_id, predmet_id, datum_vreme, sala) VALUES (118, 6, 23, '2024-05-02T12:00:00+00:00', 'RC-05');
SELECT setval(pg_get_serial_sequence('ispitni_termin','id'), (SELECT MAX(id) FROM ispitni_termin));
INSERT INTO ocena (id, student_id, ispitni_termin_id, poeni, vrednost_ocene) VALUES (1, 1, 8, 44, 8);
INSERT INTO ocena (id, student_id, ispitni_termin_id, poeni, vrednost_ocene) VALUES (2, 1, 44, 49, 8);
INSERT INTO ocena (id, student_id, ispitni_termin_id, poeni, vrednost_ocene) VALUES (3, 1, 81, 60, 9);
INSERT INTO ocena (id, student_id, ispitni_termin_id, poeni, vrednost_ocene) VALUES (4, 1, 102, 40, 7);
INSERT INTO ocena (id, student_id, ispitni_termin_id, poeni, vrednost_ocene) VALUES (5, 1, 18, 57, 9);
INSERT INTO ocena (id, student_id, ispitni_termin_id, poeni, vrednost_ocene) VALUES (6, 1, 25, 35, 7);
INSERT INTO ocena (id, student_id, ispitni_termin_id, poeni, vrednost_ocene) VALUES (7, 1, 22, 54, 9);
INSERT INTO ocena (id, student_id, ispitni_termin_id, poeni, vrednost_ocene) VALUES (8, 1, 88, 56, 9);
INSERT INTO ocena (id, student_id, ispitni_termin_id, poeni, vrednost_ocene) VALUES (9, 1, 85, 35, 7);
INSERT INTO ocena (id, student_id, ispitni_termin_id, poeni, vrednost_ocene) VALUES (10, 1, 7, 42, 7);
INSERT INTO ocena (id, student_id, ispitni_termin_id, poeni, vrednost_ocene) VALUES (11, 1, 5, 63, 10);
INSERT INTO ocena (id, student_id, ispitni_termin_id, poeni, vrednost_ocene) VALUES (12, 1, 67, 22, 5);
INSERT INTO ocena (id, student_id, ispitni_termin_id, poeni, vrednost_ocene) VALUES (13, 2, 89, 57, 9);
INSERT INTO ocena (id, student_id, ispitni_termin_id, poeni, vrednost_ocene) VALUES (14, 2, 97, 42, 7);
INSERT INTO ocena (id, student_id, ispitni_termin_id, poeni, vrednost_ocene) VALUES (15, 2, 19, 40, 7);
INSERT INTO ocena (id, student_id, ispitni_termin_id, poeni, vrednost_ocene) VALUES (16, 2, 79, 37, 7);
INSERT INTO ocena (id, student_id, ispitni_termin_id, poeni, vrednost_ocene) VALUES (17, 2, 60, 38, 7);
INSERT INTO ocena (id, student_id, ispitni_termin_id, poeni, vrednost_ocene) VALUES (18, 3, 91, 44, 8);
INSERT INTO ocena (id, student_id, ispitni_termin_id, poeni, vrednost_ocene) VALUES (19, 3, 32, 44, 8);
INSERT INTO ocena (id, student_id, ispitni_termin_id, poeni, vrednost_ocene) VALUES (20, 4, 33, 50, 8);
INSERT INTO ocena (id, student_id, ispitni_termin_id, poeni, vrednost_ocene) VALUES (21, 4, 72, 56, 9);
INSERT INTO ocena (id, student_id, ispitni_termin_id, poeni, vrednost_ocene) VALUES (22, 5, 54, 31, 6);
INSERT INTO ocena (id, student_id, ispitni_termin_id, poeni, vrednost_ocene) VALUES (23, 5, 95, 64, 10);
INSERT INTO ocena (id, student_id, ispitni_termin_id, poeni, vrednost_ocene) VALUES (24, 6, 16, 53, 9);
INSERT INTO ocena (id, student_id, ispitni_termin_id, poeni, vrednost_ocene) VALUES (25, 7, 45, 66, 10);
INSERT INTO ocena (id, student_id, ispitni_termin_id, poeni, vrednost_ocene) VALUES (26, 7, 85, 35, 7);
INSERT INTO ocena (id, student_id, ispitni_termin_id, poeni, vrednost_ocene) VALUES (27, 7, 108, 20, 5);
INSERT INTO ocena (id, student_id, ispitni_termin_id, poeni, vrednost_ocene) VALUES (28, 7, 104, 26, 6);
INSERT INTO ocena (id, student_id, ispitni_termin_id, poeni, vrednost_ocene) VALUES (29, 7, 9, 35, 7);
INSERT INTO ocena (id, student_id, ispitni_termin_id, poeni, vrednost_ocene) VALUES (30, 7, 101, 36, 7);
INSERT INTO ocena (id, student_id, ispitni_termin_id, poeni, vrednost_ocene) VALUES (31, 7, 80, 48, 8);
INSERT INTO ocena (id, student_id, ispitni_termin_id, poeni, vrednost_ocene) VALUES (32, 7, 29, 54, 9);
INSERT INTO ocena (id, student_id, ispitni_termin_id, poeni, vrednost_ocene) VALUES (33, 7, 25, 35, 7);
INSERT INTO ocena (id, student_id, ispitni_termin_id, poeni, vrednost_ocene) VALUES (34, 7, 47, 68, 10);
INSERT INTO ocena (id, student_id, ispitni_termin_id, poeni, vrednost_ocene) VALUES (35, 7, 76, 38, 7);
INSERT INTO ocena (id, student_id, ispitni_termin_id, poeni, vrednost_ocene) VALUES (36, 7, 2, 45, 8);
INSERT INTO ocena (id, student_id, ispitni_termin_id, poeni, vrednost_ocene) VALUES (37, 8, 20, 50, 8);
INSERT INTO ocena (id, student_id, ispitni_termin_id, poeni, vrednost_ocene) VALUES (38, 8, 77, 24, 5);
INSERT INTO ocena (id, student_id, ispitni_termin_id, poeni, vrednost_ocene) VALUES (39, 8, 37, 57, 9);
INSERT INTO ocena (id, student_id, ispitni_termin_id, poeni, vrednost_ocene) VALUES (40, 8, 109, 51, 8);
INSERT INTO ocena (id, student_id, ispitni_termin_id, poeni, vrednost_ocene) VALUES (41, 8, 100, 57, 9);
INSERT INTO ocena (id, student_id, ispitni_termin_id, poeni, vrednost_ocene) VALUES (42, 9, 12, 51, 8);
INSERT INTO ocena (id, student_id, ispitni_termin_id, poeni, vrednost_ocene) VALUES (43, 9, 111, 44, 8);
INSERT INTO ocena (id, student_id, ispitni_termin_id, poeni, vrednost_ocene) VALUES (44, 10, 71, 48, 8);
INSERT INTO ocena (id, student_id, ispitni_termin_id, poeni, vrednost_ocene) VALUES (45, 10, 72, 57, 9);
INSERT INTO ocena (id, student_id, ispitni_termin_id, poeni, vrednost_ocene) VALUES (46, 11, 35, 32, 6);
INSERT INTO ocena (id, student_id, ispitni_termin_id, poeni, vrednost_ocene) VALUES (47, 11, 73, 42, 7);
INSERT INTO ocena (id, student_id, ispitni_termin_id, poeni, vrednost_ocene) VALUES (48, 12, 74, 38, 7);
INSERT INTO ocena (id, student_id, ispitni_termin_id, poeni, vrednost_ocene) VALUES (49, 13, 81, 36, 7);
INSERT INTO ocena (id, student_id, ispitni_termin_id, poeni, vrednost_ocene) VALUES (50, 13, 102, 37, 7);
INSERT INTO ocena (id, student_id, ispitni_termin_id, poeni, vrednost_ocene) VALUES (51, 13, 30, 21, 5);
INSERT INTO ocena (id, student_id, ispitni_termin_id, poeni, vrednost_ocene) VALUES (52, 13, 98, 48, 8);
INSERT INTO ocena (id, student_id, ispitni_termin_id, poeni, vrednost_ocene) VALUES (53, 13, 3, 49, 8);
INSERT INTO ocena (id, student_id, ispitni_termin_id, poeni, vrednost_ocene) VALUES (54, 13, 22, 55, 9);
INSERT INTO ocena (id, student_id, ispitni_termin_id, poeni, vrednost_ocene) VALUES (55, 13, 49, 21, 5);
INSERT INTO ocena (id, student_id, ispitni_termin_id, poeni, vrednost_ocene) VALUES (56, 13, 8, 54, 9);
INSERT INTO ocena (id, student_id, ispitni_termin_id, poeni, vrednost_ocene) VALUES (57, 13, 6, 51, 8);
INSERT INTO ocena (id, student_id, ispitni_termin_id, poeni, vrednost_ocene) VALUES (58, 13, 45, 21, 5);
INSERT INTO ocena (id, student_id, ispitni_termin_id, poeni, vrednost_ocene) VALUES (59, 13, 64, 23, 5);
INSERT INTO ocena (id, student_id, ispitni_termin_id, poeni, vrednost_ocene) VALUES (60, 13, 86, 26, 6);
INSERT INTO ocena (id, student_id, ispitni_termin_id, poeni, vrednost_ocene) VALUES (61, 14, 50, 20, 5);
INSERT INTO ocena (id, student_id, ispitni_termin_id, poeni, vrednost_ocene) VALUES (62, 14, 117, 66, 10);
INSERT INTO ocena (id, student_id, ispitni_termin_id, poeni, vrednost_ocene) VALUES (63, 14, 116, 44, 8);
INSERT INTO ocena (id, student_id, ispitni_termin_id, poeni, vrednost_ocene) VALUES (64, 14, 118, 38, 7);
INSERT INTO ocena (id, student_id, ispitni_termin_id, poeni, vrednost_ocene) VALUES (65, 14, 37, 38, 7);
INSERT INTO ocena (id, student_id, ispitni_termin_id, poeni, vrednost_ocene) VALUES (66, 15, 13, 24, 5);
INSERT INTO ocena (id, student_id, ispitni_termin_id, poeni, vrednost_ocene) VALUES (67, 15, 110, 47, 8);
INSERT INTO ocena (id, student_id, ispitni_termin_id, poeni, vrednost_ocene) VALUES (68, 16, 112, 21, 5);
INSERT INTO ocena (id, student_id, ispitni_termin_id, poeni, vrednost_ocene) VALUES (69, 16, 93, 56, 9);
INSERT INTO ocena (id, student_id, ispitni_termin_id, poeni, vrednost_ocene) VALUES (70, 17, 94, 39, 7);
INSERT INTO ocena (id, student_id, ispitni_termin_id, poeni, vrednost_ocene) VALUES (71, 17, 35, 21, 5);
INSERT INTO ocena (id, student_id, ispitni_termin_id, poeni, vrednost_ocene) VALUES (72, 18, 74, 30, 6);
INSERT INTO ocena (id, student_id, ispitni_termin_id, poeni, vrednost_ocene) VALUES (73, 19, 18, 26, 6);
INSERT INTO ocena (id, student_id, ispitni_termin_id, poeni, vrednost_ocene) VALUES (74, 19, 103, 55, 9);
INSERT INTO ocena (id, student_id, ispitni_termin_id, poeni, vrednost_ocene) VALUES (75, 19, 62, 48, 8);
INSERT INTO ocena (id, student_id, ispitni_termin_id, poeni, vrednost_ocene) VALUES (76, 19, 46, 51, 8);
INSERT INTO ocena (id, student_id, ispitni_termin_id, poeni, vrednost_ocene) VALUES (77, 19, 10, 49, 8);
INSERT INTO ocena (id, student_id, ispitni_termin_id, poeni, vrednost_ocene) VALUES (78, 19, 1, 51, 8);
INSERT INTO ocena (id, student_id, ispitni_termin_id, poeni, vrednost_ocene) VALUES (79, 19, 44, 44, 8);
INSERT INTO ocena (id, student_id, ispitni_termin_id, poeni, vrednost_ocene) VALUES (80, 19, 29, 22, 5);
INSERT INTO ocena (id, student_id, ispitni_termin_id, poeni, vrednost_ocene) VALUES (81, 19, 9, 44, 8);
INSERT INTO ocena (id, student_id, ispitni_termin_id, poeni, vrednost_ocene) VALUES (82, 19, 105, 31, 6);
INSERT INTO ocena (id, student_id, ispitni_termin_id, poeni, vrednost_ocene) VALUES (83, 19, 106, 53, 9);
INSERT INTO ocena (id, student_id, ispitni_termin_id, poeni, vrednost_ocene) VALUES (84, 19, 22, 39, 7);
INSERT INTO ocena (id, student_id, ispitni_termin_id, poeni, vrednost_ocene) VALUES (85, 20, 37, 32, 6);
INSERT INTO ocena (id, student_id, ispitni_termin_id, poeni, vrednost_ocene) VALUES (86, 20, 19, 63, 10);
INSERT INTO ocena (id, student_id, ispitni_termin_id, poeni, vrednost_ocene) VALUES (87, 20, 89, 55, 9);
INSERT INTO ocena (id, student_id, ispitni_termin_id, poeni, vrednost_ocene) VALUES (88, 20, 100, 48, 8);
INSERT INTO ocena (id, student_id, ispitni_termin_id, poeni, vrednost_ocene) VALUES (89, 20, 99, 65, 10);
INSERT INTO ocena (id, student_id, ispitni_termin_id, poeni, vrednost_ocene) VALUES (90, 21, 32, 64, 10);
INSERT INTO ocena (id, student_id, ispitni_termin_id, poeni, vrednost_ocene) VALUES (91, 21, 13, 59, 9);
INSERT INTO ocena (id, student_id, ispitni_termin_id, poeni, vrednost_ocene) VALUES (92, 22, 92, 48, 8);
INSERT INTO ocena (id, student_id, ispitni_termin_id, poeni, vrednost_ocene) VALUES (93, 22, 93, 55, 9);
INSERT INTO ocena (id, student_id, ispitni_termin_id, poeni, vrednost_ocene) VALUES (94, 23, 73, 59, 9);
INSERT INTO ocena (id, student_id, ispitni_termin_id, poeni, vrednost_ocene) VALUES (95, 23, 95, 65, 10);
INSERT INTO ocena (id, student_id, ispitni_termin_id, poeni, vrednost_ocene) VALUES (96, 24, 36, 49, 8);
INSERT INTO ocena (id, student_id, ispitni_termin_id, poeni, vrednost_ocene) VALUES (97, 25, 87, 28, 6);
INSERT INTO ocena (id, student_id, ispitni_termin_id, poeni, vrednost_ocene) VALUES (98, 25, 65, 63, 10);
INSERT INTO ocena (id, student_id, ispitni_termin_id, poeni, vrednost_ocene) VALUES (99, 25, 85, 50, 8);
INSERT INTO ocena (id, student_id, ispitni_termin_id, poeni, vrednost_ocene) VALUES (100, 25, 18, 68, 10);
INSERT INTO ocena (id, student_id, ispitni_termin_id, poeni, vrednost_ocene) VALUES (101, 25, 42, 69, 10);
INSERT INTO ocena (id, student_id, ispitni_termin_id, poeni, vrednost_ocene) VALUES (102, 25, 101, 20, 5);
INSERT INTO ocena (id, student_id, ispitni_termin_id, poeni, vrednost_ocene) VALUES (103, 25, 104, 47, 8);
INSERT INTO ocena (id, student_id, ispitni_termin_id, poeni, vrednost_ocene) VALUES (104, 25, 103, 18, 5);
INSERT INTO ocena (id, student_id, ispitni_termin_id, poeni, vrednost_ocene) VALUES (105, 25, 88, 17, 5);
INSERT INTO ocena (id, student_id, ispitni_termin_id, poeni, vrednost_ocene) VALUES (106, 25, 7, 31, 6);
INSERT INTO ocena (id, student_id, ispitni_termin_id, poeni, vrednost_ocene) VALUES (107, 25, 29, 41, 7);
INSERT INTO ocena (id, student_id, ispitni_termin_id, poeni, vrednost_ocene) VALUES (108, 25, 80, 37, 7);
INSERT INTO ocena (id, student_id, ispitni_termin_id, poeni, vrednost_ocene) VALUES (109, 26, 97, 21, 5);
INSERT INTO ocena (id, student_id, ispitni_termin_id, poeni, vrednost_ocene) VALUES (110, 26, 100, 33, 6);
INSERT INTO ocena (id, student_id, ispitni_termin_id, poeni, vrednost_ocene) VALUES (111, 26, 59, 42, 7);
INSERT INTO ocena (id, student_id, ispitni_termin_id, poeni, vrednost_ocene) VALUES (112, 26, 78, 50, 8);
INSERT INTO ocena (id, student_id, ispitni_termin_id, poeni, vrednost_ocene) VALUES (113, 26, 68, 50, 8);
INSERT INTO ocena (id, student_id, ispitni_termin_id, poeni, vrednost_ocene) VALUES (114, 27, 32, 48, 8);
INSERT INTO ocena (id, student_id, ispitni_termin_id, poeni, vrednost_ocene) VALUES (115, 27, 70, 32, 6);
INSERT INTO ocena (id, student_id, ispitni_termin_id, poeni, vrednost_ocene) VALUES (116, 28, 33, 57, 9);
INSERT INTO ocena (id, student_id, ispitni_termin_id, poeni, vrednost_ocene) VALUES (117, 28, 53, 47, 8);
INSERT INTO ocena (id, student_id, ispitni_termin_id, poeni, vrednost_ocene) VALUES (118, 29, 113, 26, 6);
INSERT INTO ocena (id, student_id, ispitni_termin_id, poeni, vrednost_ocene) VALUES (119, 29, 55, 31, 6);
INSERT INTO ocena (id, student_id, ispitni_termin_id, poeni, vrednost_ocene) VALUES (120, 30, 16, 50, 8);
INSERT INTO ocena (id, student_id, ispitni_termin_id, poeni, vrednost_ocene) VALUES (121, 31, 61, 45, 8);
INSERT INTO ocena (id, student_id, ispitni_termin_id, poeni, vrednost_ocene) VALUES (122, 31, 8, 41, 7);
INSERT INTO ocena (id, student_id, ispitni_termin_id, poeni, vrednost_ocene) VALUES (123, 31, 98, 53, 9);
INSERT INTO ocena (id, student_id, ispitni_termin_id, poeni, vrednost_ocene) VALUES (124, 31, 42, 48, 8);
INSERT INTO ocena (id, student_id, ispitni_termin_id, poeni, vrednost_ocene) VALUES (125, 31, 108, 58, 9);
INSERT INTO ocena (id, student_id, ispitni_termin_id, poeni, vrednost_ocene) VALUES (126, 31, 7, 49, 8);
INSERT INTO ocena (id, student_id, ispitni_termin_id, poeni, vrednost_ocene) VALUES (127, 31, 105, 24, 5);
INSERT INTO ocena (id, student_id, ispitni_termin_id, poeni, vrednost_ocene) VALUES (128, 31, 66, 35, 7);
INSERT INTO ocena (id, student_id, ispitni_termin_id, poeni, vrednost_ocene) VALUES (129, 31, 9, 45, 8);
INSERT INTO ocena (id, student_id, ispitni_termin_id, poeni, vrednost_ocene) VALUES (130, 31, 22, 42, 7);
INSERT INTO ocena (id, student_id, ispitni_termin_id, poeni, vrednost_ocene) VALUES (131, 31, 44, 59, 9);
INSERT INTO ocena (id, student_id, ispitni_termin_id, poeni, vrednost_ocene) VALUES (132, 31, 83, 41, 7);
INSERT INTO ocena (id, student_id, ispitni_termin_id, poeni, vrednost_ocene) VALUES (133, 32, 21, 42, 7);
INSERT INTO ocena (id, student_id, ispitni_termin_id, poeni, vrednost_ocene) VALUES (134, 32, 37, 40, 7);
INSERT INTO ocena (id, student_id, ispitni_termin_id, poeni, vrednost_ocene) VALUES (135, 32, 116, 53, 9);
INSERT INTO ocena (id, student_id, ispitni_termin_id, poeni, vrednost_ocene) VALUES (136, 32, 99, 24, 5);
INSERT INTO ocena (id, student_id, ispitni_termin_id, poeni, vrednost_ocene) VALUES (137, 32, 11, 53, 9);
INSERT INTO ocena (id, student_id, ispitni_termin_id, poeni, vrednost_ocene) VALUES (138, 33, 52, 56, 9);
INSERT INTO ocena (id, student_id, ispitni_termin_id, poeni, vrednost_ocene) VALUES (139, 33, 12, 56, 9);
INSERT INTO ocena (id, student_id, ispitni_termin_id, poeni, vrednost_ocene) VALUES (140, 34, 53, 57, 9);
INSERT INTO ocena (id, student_id, ispitni_termin_id, poeni, vrednost_ocene) VALUES (141, 34, 71, 55, 9);
INSERT INTO ocena (id, student_id, ispitni_termin_id, poeni, vrednost_ocene) VALUES (142, 35, 35, 22, 5);
INSERT INTO ocena (id, student_id, ispitni_termin_id, poeni, vrednost_ocene) VALUES (143, 35, 14, 19, 5);
INSERT INTO ocena (id, student_id, ispitni_termin_id, poeni, vrednost_ocene) VALUES (144, 36, 96, 24, 5);
INSERT INTO ocena (id, student_id, ispitni_termin_id, poeni, vrednost_ocene) VALUES (145, 37, 104, 33, 6);
INSERT INTO ocena (id, student_id, ispitni_termin_id, poeni, vrednost_ocene) VALUES (146, 37, 76, 42, 7);
INSERT INTO ocena (id, student_id, ispitni_termin_id, poeni, vrednost_ocene) VALUES (147, 37, 3, 46, 8);
INSERT INTO ocena (id, student_id, ispitni_termin_id, poeni, vrednost_ocene) VALUES (148, 37, 1, 58, 9);
INSERT INTO ocena (id, student_id, ispitni_termin_id, poeni, vrednost_ocene) VALUES (149, 37, 86, 51, 8);
INSERT INTO ocena (id, student_id, ispitni_termin_id, poeni, vrednost_ocene) VALUES (150, 37, 108, 36, 7);
INSERT INTO ocena (id, student_id, ispitni_termin_id, poeni, vrednost_ocene) VALUES (151, 37, 105, 42, 7);
INSERT INTO ocena (id, student_id, ispitni_termin_id, poeni, vrednost_ocene) VALUES (152, 37, 22, 68, 10);
INSERT INTO ocena (id, student_id, ispitni_termin_id, poeni, vrednost_ocene) VALUES (153, 37, 62, 49, 8);
INSERT INTO ocena (id, student_id, ispitni_termin_id, poeni, vrednost_ocene) VALUES (154, 37, 107, 24, 5);
INSERT INTO ocena (id, student_id, ispitni_termin_id, poeni, vrednost_ocene) VALUES (155, 37, 6, 18, 5);
INSERT INTO ocena (id, student_id, ispitni_termin_id, poeni, vrednost_ocene) VALUES (156, 37, 29, 31, 6);
INSERT INTO ocena (id, student_id, ispitni_termin_id, poeni, vrednost_ocene) VALUES (157, 38, 99, 59, 9);
INSERT INTO ocena (id, student_id, ispitni_termin_id, poeni, vrednost_ocene) VALUES (158, 38, 21, 58, 9);
INSERT INTO ocena (id, student_id, ispitni_termin_id, poeni, vrednost_ocene) VALUES (159, 38, 19, 42, 7);
INSERT INTO ocena (id, student_id, ispitni_termin_id, poeni, vrednost_ocene) VALUES (160, 38, 50, 49, 8);
INSERT INTO ocena (id, student_id, ispitni_termin_id, poeni, vrednost_ocene) VALUES (161, 38, 17, 59, 9);
INSERT INTO ocena (id, student_id, ispitni_termin_id, poeni, vrednost_ocene) VALUES (162, 39, 13, 30, 6);
INSERT INTO ocena (id, student_id, ispitni_termin_id, poeni, vrednost_ocene) VALUES (163, 39, 51, 37, 7);
INSERT INTO ocena (id, student_id, ispitni_termin_id, poeni, vrednost_ocene) VALUES (164, 40, 71, 63, 10);
INSERT INTO ocena (id, student_id, ispitni_termin_id, poeni, vrednost_ocene) VALUES (165, 40, 93, 51, 8);
INSERT INTO ocena (id, student_id, ispitni_termin_id, poeni, vrednost_ocene) VALUES (166, 41, 54, 45, 8);
INSERT INTO ocena (id, student_id, ispitni_termin_id, poeni, vrednost_ocene) VALUES (167, 41, 15, 26, 6);
INSERT INTO ocena (id, student_id, ispitni_termin_id, poeni, vrednost_ocene) VALUES (168, 42, 56, 51, 8);
INSERT INTO ocena (id, student_id, ispitni_termin_id, poeni, vrednost_ocene) VALUES (169, 43, 58, 17, 5);
INSERT INTO ocena (id, student_id, ispitni_termin_id, poeni, vrednost_ocene) VALUES (170, 43, 8, 64, 10);
INSERT INTO ocena (id, student_id, ispitni_termin_id, poeni, vrednost_ocene) VALUES (171, 43, 66, 42, 7);
INSERT INTO ocena (id, student_id, ispitni_termin_id, poeni, vrednost_ocene) VALUES (172, 43, 80, 38, 7);
INSERT INTO ocena (id, student_id, ispitni_termin_id, poeni, vrednost_ocene) VALUES (173, 43, 101, 58, 9);
INSERT INTO ocena (id, student_id, ispitni_termin_id, poeni, vrednost_ocene) VALUES (174, 43, 10, 59, 9);
INSERT INTO ocena (id, student_id, ispitni_termin_id, poeni, vrednost_ocene) VALUES (175, 43, 3, 31, 6);
INSERT INTO ocena (id, student_id, ispitni_termin_id, poeni, vrednost_ocene) VALUES (176, 43, 82, 50, 8);
INSERT INTO ocena (id, student_id, ispitni_termin_id, poeni, vrednost_ocene) VALUES (177, 43, 48, 22, 5);
INSERT INTO ocena (id, student_id, ispitni_termin_id, poeni, vrednost_ocene) VALUES (178, 43, 26, 58, 9);
INSERT INTO ocena (id, student_id, ispitni_termin_id, poeni, vrednost_ocene) VALUES (179, 43, 5, 41, 7);
INSERT INTO ocena (id, student_id, ispitni_termin_id, poeni, vrednost_ocene) VALUES (180, 43, 106, 30, 6);
INSERT INTO ocena (id, student_id, ispitni_termin_id, poeni, vrednost_ocene) VALUES (181, 44, 118, 47, 8);
INSERT INTO ocena (id, student_id, ispitni_termin_id, poeni, vrednost_ocene) VALUES (182, 44, 68, 64, 10);
INSERT INTO ocena (id, student_id, ispitni_termin_id, poeni, vrednost_ocene) VALUES (183, 44, 60, 20, 5);
INSERT INTO ocena (id, student_id, ispitni_termin_id, poeni, vrednost_ocene) VALUES (184, 44, 37, 54, 9);
INSERT INTO ocena (id, student_id, ispitni_termin_id, poeni, vrednost_ocene) VALUES (185, 44, 39, 60, 9);
INSERT INTO ocena (id, student_id, ispitni_termin_id, poeni, vrednost_ocene) VALUES (186, 45, 110, 51, 8);
INSERT INTO ocena (id, student_id, ispitni_termin_id, poeni, vrednost_ocene) VALUES (187, 45, 91, 53, 9);
INSERT INTO ocena (id, student_id, ispitni_termin_id, poeni, vrednost_ocene) VALUES (188, 46, 33, 44, 8);
INSERT INTO ocena (id, student_id, ispitni_termin_id, poeni, vrednost_ocene) VALUES (189, 46, 72, 27, 6);
INSERT INTO ocena (id, student_id, ispitni_termin_id, poeni, vrednost_ocene) VALUES (190, 47, 94, 53, 9);
INSERT INTO ocena (id, student_id, ispitni_termin_id, poeni, vrednost_ocene) VALUES (191, 47, 95, 56, 9);
INSERT INTO ocena (id, student_id, ispitni_termin_id, poeni, vrednost_ocene) VALUES (192, 48, 96, 35, 7);
INSERT INTO ocena (id, student_id, ispitni_termin_id, poeni, vrednost_ocene) VALUES (193, 49, 49, 49, 8);
INSERT INTO ocena (id, student_id, ispitni_termin_id, poeni, vrednost_ocene) VALUES (194, 49, 106, 31, 6);
INSERT INTO ocena (id, student_id, ispitni_termin_id, poeni, vrednost_ocene) VALUES (195, 49, 22, 59, 9);
INSERT INTO ocena (id, student_id, ispitni_termin_id, poeni, vrednost_ocene) VALUES (196, 49, 45, 64, 10);
INSERT INTO ocena (id, student_id, ispitni_termin_id, poeni, vrednost_ocene) VALUES (197, 49, 44, 28, 6);
INSERT INTO ocena (id, student_id, ispitni_termin_id, poeni, vrednost_ocene) VALUES (198, 49, 48, 59, 9);
INSERT INTO ocena (id, student_id, ispitni_termin_id, poeni, vrednost_ocene) VALUES (199, 49, 23, 66, 10);
INSERT INTO ocena (id, student_id, ispitni_termin_id, poeni, vrednost_ocene) VALUES (200, 49, 83, 55, 9);
INSERT INTO ocena (id, student_id, ispitni_termin_id, poeni, vrednost_ocene) VALUES (201, 49, 98, 32, 6);
INSERT INTO ocena (id, student_id, ispitni_termin_id, poeni, vrednost_ocene) VALUES (202, 49, 66, 19, 5);
INSERT INTO ocena (id, student_id, ispitni_termin_id, poeni, vrednost_ocene) VALUES (203, 49, 24, 56, 9);
INSERT INTO ocena (id, student_id, ispitni_termin_id, poeni, vrednost_ocene) VALUES (204, 49, 8, 39, 7);
INSERT INTO ocena (id, student_id, ispitni_termin_id, poeni, vrednost_ocene) VALUES (205, 50, 117, 37, 7);
INSERT INTO ocena (id, student_id, ispitni_termin_id, poeni, vrednost_ocene) VALUES (206, 50, 75, 20, 5);
INSERT INTO ocena (id, student_id, ispitni_termin_id, poeni, vrednost_ocene) VALUES (207, 50, 77, 60, 9);
INSERT INTO ocena (id, student_id, ispitni_termin_id, poeni, vrednost_ocene) VALUES (208, 50, 40, 51, 8);
INSERT INTO ocena (id, student_id, ispitni_termin_id, poeni, vrednost_ocene) VALUES (209, 50, 50, 69, 10);
INSERT INTO ocena (id, student_id, ispitni_termin_id, poeni, vrednost_ocene) VALUES (210, 51, 69, 46, 8);
INSERT INTO ocena (id, student_id, ispitni_termin_id, poeni, vrednost_ocene) VALUES (211, 51, 52, 39, 7);
INSERT INTO ocena (id, student_id, ispitni_termin_id, poeni, vrednost_ocene) VALUES (212, 52, 72, 36, 7);
INSERT INTO ocena (id, student_id, ispitni_termin_id, poeni, vrednost_ocene) VALUES (213, 52, 92, 21, 5);
INSERT INTO ocena (id, student_id, ispitni_termin_id, poeni, vrednost_ocene) VALUES (214, 53, 34, 38, 7);
INSERT INTO ocena (id, student_id, ispitni_termin_id, poeni, vrednost_ocene) VALUES (215, 53, 95, 68, 10);
INSERT INTO ocena (id, student_id, ispitni_termin_id, poeni, vrednost_ocene) VALUES (216, 54, 74, 36, 7);
INSERT INTO ocena (id, student_id, ispitni_termin_id, poeni, vrednost_ocene) VALUES (217, 55, 76, 42, 7);
INSERT INTO ocena (id, student_id, ispitni_termin_id, poeni, vrednost_ocene) VALUES (218, 55, 65, 62, 10);
INSERT INTO ocena (id, student_id, ispitni_termin_id, poeni, vrednost_ocene) VALUES (219, 55, 49, 23, 5);
INSERT INTO ocena (id, student_id, ispitni_termin_id, poeni, vrednost_ocene) VALUES (220, 55, 8, 36, 7);
INSERT INTO ocena (id, student_id, ispitni_termin_id, poeni, vrednost_ocene) VALUES (221, 55, 3, 60, 9);
INSERT INTO ocena (id, student_id, ispitni_termin_id, poeni, vrednost_ocene) VALUES (222, 55, 9, 17, 5);
INSERT INTO ocena (id, student_id, ispitni_termin_id, poeni, vrednost_ocene) VALUES (223, 55, 106, 57, 9);
INSERT INTO ocena (id, student_id, ispitni_termin_id, poeni, vrednost_ocene) VALUES (224, 55, 62, 20, 5);
INSERT INTO ocena (id, student_id, ispitni_termin_id, poeni, vrednost_ocene) VALUES (225, 55, 80, 54, 9);
INSERT INTO ocena (id, student_id, ispitni_termin_id, poeni, vrednost_ocene) VALUES (226, 55, 101, 26, 6);
INSERT INTO ocena (id, student_id, ispitni_termin_id, poeni, vrednost_ocene) VALUES (227, 55, 64, 32, 6);
INSERT INTO ocena (id, student_id, ispitni_termin_id, poeni, vrednost_ocene) VALUES (228, 55, 66, 27, 6);
INSERT INTO ocena (id, student_id, ispitni_termin_id, poeni, vrednost_ocene) VALUES (229, 56, 60, 31, 6);
INSERT INTO ocena (id, student_id, ispitni_termin_id, poeni, vrednost_ocene) VALUES (230, 56, 50, 60, 9);
INSERT INTO ocena (id, student_id, ispitni_termin_id, poeni, vrednost_ocene) VALUES (231, 56, 40, 33, 6);
INSERT INTO ocena (id, student_id, ispitni_termin_id, poeni, vrednost_ocene) VALUES (232, 56, 17, 29, 6);
INSERT INTO ocena (id, student_id, ispitni_termin_id, poeni, vrednost_ocene) VALUES (233, 56, 19, 50, 8);
INSERT INTO ocena (id, student_id, ispitni_termin_id, poeni, vrednost_ocene) VALUES (234, 57, 12, 40, 7);
INSERT INTO ocena (id, student_id, ispitni_termin_id, poeni, vrednost_ocene) VALUES (235, 57, 13, 45, 8);
INSERT INTO ocena (id, student_id, ispitni_termin_id, poeni, vrednost_ocene) VALUES (236, 58, 112, 68, 10);
INSERT INTO ocena (id, student_id, ispitni_termin_id, poeni, vrednost_ocene) VALUES (237, 58, 72, 51, 8);
INSERT INTO ocena (id, student_id, ispitni_termin_id, poeni, vrednost_ocene) VALUES (238, 59, 54, 54, 9);
INSERT INTO ocena (id, student_id, ispitni_termin_id, poeni, vrednost_ocene) VALUES (239, 59, 95, 66, 10);
INSERT INTO ocena (id, student_id, ispitni_termin_id, poeni, vrednost_ocene) VALUES (240, 60, 16, 30, 6);
INSERT INTO ocena (id, student_id, ispitni_termin_id, poeni, vrednost_ocene) VALUES (241, 61, 41, 53, 9);
INSERT INTO ocena (id, student_id, ispitni_termin_id, poeni, vrednost_ocene) VALUES (242, 61, 2, 46, 8);
INSERT INTO ocena (id, student_id, ispitni_termin_id, poeni, vrednost_ocene) VALUES (243, 61, 1, 60, 9);
INSERT INTO ocena (id, student_id, ispitni_termin_id, poeni, vrednost_ocene) VALUES (244, 61, 9, 22, 5);
INSERT INTO ocena (id, student_id, ispitni_termin_id, poeni, vrednost_ocene) VALUES (245, 61, 58, 55, 9);
INSERT INTO ocena (id, student_id, ispitni_termin_id, poeni, vrednost_ocene) VALUES (246, 61, 104, 51, 8);
INSERT INTO ocena (id, student_id, ispitni_termin_id, poeni, vrednost_ocene) VALUES (247, 61, 6, 50, 8);
INSERT INTO ocena (id, student_id, ispitni_termin_id, poeni, vrednost_ocene) VALUES (248, 61, 43, 36, 7);
INSERT INTO ocena (id, student_id, ispitni_termin_id, poeni, vrednost_ocene) VALUES (249, 61, 7, 50, 8);
INSERT INTO ocena (id, student_id, ispitni_termin_id, poeni, vrednost_ocene) VALUES (250, 61, 108, 24, 5);
INSERT INTO ocena (id, student_id, ispitni_termin_id, poeni, vrednost_ocene) VALUES (251, 61, 8, 51, 8);
INSERT INTO ocena (id, student_id, ispitni_termin_id, poeni, vrednost_ocene) VALUES (252, 61, 27, 24, 5);
INSERT INTO ocena (id, student_id, ispitni_termin_id, poeni, vrednost_ocene) VALUES (253, 62, 19, 48, 8);
INSERT INTO ocena (id, student_id, ispitni_termin_id, poeni, vrednost_ocene) VALUES (254, 62, 40, 64, 10);
INSERT INTO ocena (id, student_id, ispitni_termin_id, poeni, vrednost_ocene) VALUES (255, 62, 68, 38, 7);
INSERT INTO ocena (id, student_id, ispitni_termin_id, poeni, vrednost_ocene) VALUES (256, 62, 60, 17, 5);
INSERT INTO ocena (id, student_id, ispitni_termin_id, poeni, vrednost_ocene) VALUES (257, 62, 57, 46, 8);
INSERT INTO ocena (id, student_id, ispitni_termin_id, poeni, vrednost_ocene) VALUES (258, 63, 70, 60, 9);
INSERT INTO ocena (id, student_id, ispitni_termin_id, poeni, vrednost_ocene) VALUES (259, 63, 90, 45, 8);
INSERT INTO ocena (id, student_id, ispitni_termin_id, poeni, vrednost_ocene) VALUES (260, 64, 93, 22, 5);
INSERT INTO ocena (id, student_id, ispitni_termin_id, poeni, vrednost_ocene) VALUES (261, 64, 71, 55, 9);
INSERT INTO ocena (id, student_id, ispitni_termin_id, poeni, vrednost_ocene) VALUES (262, 65, 114, 27, 6);
INSERT INTO ocena (id, student_id, ispitni_termin_id, poeni, vrednost_ocene) VALUES (263, 65, 94, 19, 5);
INSERT INTO ocena (id, student_id, ispitni_termin_id, poeni, vrednost_ocene) VALUES (264, 66, 115, 30, 6);
INSERT INTO ocena (id, student_id, ispitni_termin_id, poeni, vrednost_ocene) VALUES (265, 67, 28, 58, 9);
INSERT INTO ocena (id, student_id, ispitni_termin_id, poeni, vrednost_ocene) VALUES (266, 67, 108, 18, 5);
INSERT INTO ocena (id, student_id, ispitni_termin_id, poeni, vrednost_ocene) VALUES (267, 67, 8, 57, 9);
INSERT INTO ocena (id, student_id, ispitni_termin_id, poeni, vrednost_ocene) VALUES (268, 67, 23, 44, 8);
INSERT INTO ocena (id, student_id, ispitni_termin_id, poeni, vrednost_ocene) VALUES (269, 67, 63, 57, 9);
INSERT INTO ocena (id, student_id, ispitni_termin_id, poeni, vrednost_ocene) VALUES (270, 67, 85, 59, 9);
INSERT INTO ocena (id, student_id, ispitni_termin_id, poeni, vrednost_ocene) VALUES (271, 67, 41, 55, 9);
INSERT INTO ocena (id, student_id, ispitni_termin_id, poeni, vrednost_ocene) VALUES (272, 67, 76, 49, 8);
INSERT INTO ocena (id, student_id, ispitni_termin_id, poeni, vrednost_ocene) VALUES (273, 67, 87, 31, 6);
INSERT INTO ocena (id, student_id, ispitni_termin_id, poeni, vrednost_ocene) VALUES (274, 67, 104, 50, 8);
INSERT INTO ocena (id, student_id, ispitni_termin_id, poeni, vrednost_ocene) VALUES (275, 67, 27, 45, 8);
INSERT INTO ocena (id, student_id, ispitni_termin_id, poeni, vrednost_ocene) VALUES (276, 67, 42, 42, 7);
INSERT INTO ocena (id, student_id, ispitni_termin_id, poeni, vrednost_ocene) VALUES (277, 68, 99, 46, 8);
INSERT INTO ocena (id, student_id, ispitni_termin_id, poeni, vrednost_ocene) VALUES (278, 68, 59, 56, 9);
INSERT INTO ocena (id, student_id, ispitni_termin_id, poeni, vrednost_ocene) VALUES (279, 68, 50, 51, 8);
INSERT INTO ocena (id, student_id, ispitni_termin_id, poeni, vrednost_ocene) VALUES (280, 68, 79, 41, 7);
INSERT INTO ocena (id, student_id, ispitni_termin_id, poeni, vrednost_ocene) VALUES (281, 68, 97, 40, 7);
INSERT INTO ocena (id, student_id, ispitni_termin_id, poeni, vrednost_ocene) VALUES (282, 69, 70, 69, 10);
INSERT INTO ocena (id, student_id, ispitni_termin_id, poeni, vrednost_ocene) VALUES (283, 69, 51, 68, 10);
INSERT INTO ocena (id, student_id, ispitni_termin_id, poeni, vrednost_ocene) VALUES (284, 70, 93, 44, 8);
INSERT INTO ocena (id, student_id, ispitni_termin_id, poeni, vrednost_ocene) VALUES (285, 70, 112, 29, 6);
INSERT INTO ocena (id, student_id, ispitni_termin_id, poeni, vrednost_ocene) VALUES (286, 71, 54, 33, 6);
INSERT INTO ocena (id, student_id, ispitni_termin_id, poeni, vrednost_ocene) VALUES (287, 71, 114, 63, 10);
INSERT INTO ocena (id, student_id, ispitni_termin_id, poeni, vrednost_ocene) VALUES (288, 72, 16, 58, 9);
INSERT INTO ocena (id, student_id, ispitni_termin_id, poeni, vrednost_ocene) VALUES (289, 73, 108, 55, 9);
INSERT INTO ocena (id, student_id, ispitni_termin_id, poeni, vrednost_ocene) VALUES (290, 73, 42, 50, 8);
INSERT INTO ocena (id, student_id, ispitni_termin_id, poeni, vrednost_ocene) VALUES (291, 73, 80, 49, 8);
INSERT INTO ocena (id, student_id, ispitni_termin_id, poeni, vrednost_ocene) VALUES (292, 73, 29, 44, 8);
INSERT INTO ocena (id, student_id, ispitni_termin_id, poeni, vrednost_ocene) VALUES (293, 73, 58, 41, 7);
INSERT INTO ocena (id, student_id, ispitni_termin_id, poeni, vrednost_ocene) VALUES (294, 73, 101, 62, 10);
INSERT INTO ocena (id, student_id, ispitni_termin_id, poeni, vrednost_ocene) VALUES (295, 73, 105, 65, 10);
INSERT INTO ocena (id, student_id, ispitni_termin_id, poeni, vrednost_ocene) VALUES (296, 73, 7, 41, 7);
INSERT INTO ocena (id, student_id, ispitni_termin_id, poeni, vrednost_ocene) VALUES (297, 73, 26, 36, 7);
INSERT INTO ocena (id, student_id, ispitni_termin_id, poeni, vrednost_ocene) VALUES (298, 73, 25, 23, 5);
INSERT INTO ocena (id, student_id, ispitni_termin_id, poeni, vrednost_ocene) VALUES (299, 73, 46, 42, 7);
INSERT INTO ocena (id, student_id, ispitni_termin_id, poeni, vrednost_ocene) VALUES (300, 73, 107, 56, 9);
INSERT INTO ocena (id, student_id, ispitni_termin_id, poeni, vrednost_ocene) VALUES (301, 74, 89, 40, 7);
INSERT INTO ocena (id, student_id, ispitni_termin_id, poeni, vrednost_ocene) VALUES (302, 74, 97, 57, 9);
INSERT INTO ocena (id, student_id, ispitni_termin_id, poeni, vrednost_ocene) VALUES (303, 74, 117, 66, 10);
INSERT INTO ocena (id, student_id, ispitni_termin_id, poeni, vrednost_ocene) VALUES (304, 74, 116, 66, 10);
INSERT INTO ocena (id, student_id, ispitni_termin_id, poeni, vrednost_ocene) VALUES (305, 74, 79, 60, 9);
INSERT INTO ocena (id, student_id, ispitni_termin_id, poeni, vrednost_ocene) VALUES (306, 75, 51, 66, 10);
INSERT INTO ocena (id, student_id, ispitni_termin_id, poeni, vrednost_ocene) VALUES (307, 75, 70, 32, 6);
INSERT INTO ocena (id, student_id, ispitni_termin_id, poeni, vrednost_ocene) VALUES (308, 76, 71, 45, 8);
INSERT INTO ocena (id, student_id, ispitni_termin_id, poeni, vrednost_ocene) VALUES (309, 76, 72, 60, 9);
INSERT INTO ocena (id, student_id, ispitni_termin_id, poeni, vrednost_ocene) VALUES (310, 77, 114, 57, 9);
INSERT INTO ocena (id, student_id, ispitni_termin_id, poeni, vrednost_ocene) VALUES (311, 77, 34, 29, 6);
INSERT INTO ocena (id, student_id, ispitni_termin_id, poeni, vrednost_ocene) VALUES (312, 78, 16, 47, 8);
INSERT INTO ocena (id, student_id, ispitni_termin_id, poeni, vrednost_ocene) VALUES (313, 79, 65, 39, 7);
INSERT INTO ocena (id, student_id, ispitni_termin_id, poeni, vrednost_ocene) VALUES (314, 79, 44, 27, 6);
INSERT INTO ocena (id, student_id, ispitni_termin_id, poeni, vrednost_ocene) VALUES (315, 79, 103, 44, 8);
INSERT INTO ocena (id, student_id, ispitni_termin_id, poeni, vrednost_ocene) VALUES (316, 79, 31, 62, 10);
INSERT INTO ocena (id, student_id, ispitni_termin_id, poeni, vrednost_ocene) VALUES (317, 79, 76, 39, 7);
INSERT INTO ocena (id, student_id, ispitni_termin_id, poeni, vrednost_ocene) VALUES (318, 79, 9, 27, 6);
INSERT INTO ocena (id, student_id, ispitni_termin_id, poeni, vrednost_ocene) VALUES (319, 79, 41, 69, 10);
INSERT INTO ocena (id, student_id, ispitni_termin_id, poeni, vrednost_ocene) VALUES (320, 79, 8, 47, 8);
INSERT INTO ocena (id, student_id, ispitni_termin_id, poeni, vrednost_ocene) VALUES (321, 79, 6, 57, 9);
INSERT INTO ocena (id, student_id, ispitni_termin_id, poeni, vrednost_ocene) VALUES (322, 79, 28, 21, 5);
INSERT INTO ocena (id, student_id, ispitni_termin_id, poeni, vrednost_ocene) VALUES (323, 79, 82, 41, 7);
INSERT INTO ocena (id, student_id, ispitni_termin_id, poeni, vrednost_ocene) VALUES (324, 79, 81, 36, 7);
INSERT INTO ocena (id, student_id, ispitni_termin_id, poeni, vrednost_ocene) VALUES (325, 80, 11, 39, 7);
INSERT INTO ocena (id, student_id, ispitni_termin_id, poeni, vrednost_ocene) VALUES (326, 80, 59, 53, 9);
INSERT INTO ocena (id, student_id, ispitni_termin_id, poeni, vrednost_ocene) VALUES (327, 80, 78, 53, 9);
INSERT INTO ocena (id, student_id, ispitni_termin_id, poeni, vrednost_ocene) VALUES (328, 80, 21, 39, 7);
INSERT INTO ocena (id, student_id, ispitni_termin_id, poeni, vrednost_ocene) VALUES (329, 80, 17, 67, 10);
INSERT INTO ocena (id, student_id, ispitni_termin_id, poeni, vrednost_ocene) VALUES (330, 81, 52, 49, 8);
INSERT INTO ocena (id, student_id, ispitni_termin_id, poeni, vrednost_ocene) VALUES (331, 81, 69, 65, 10);
INSERT INTO ocena (id, student_id, ispitni_termin_id, poeni, vrednost_ocene) VALUES (332, 82, 93, 54, 9);
INSERT INTO ocena (id, student_id, ispitni_termin_id, poeni, vrednost_ocene) VALUES (333, 82, 33, 29, 6);
INSERT INTO ocena (id, student_id, ispitni_termin_id, poeni, vrednost_ocene) VALUES (334, 83, 55, 47, 8);
INSERT INTO ocena (id, student_id, ispitni_termin_id, poeni, vrednost_ocene) VALUES (335, 83, 113, 42, 7);
INSERT INTO ocena (id, student_id, ispitni_termin_id, poeni, vrednost_ocene) VALUES (336, 84, 74, 24, 5);
INSERT INTO ocena (id, student_id, ispitni_termin_id, poeni, vrednost_ocene) VALUES (337, 85, 2, 53, 9);
INSERT INTO ocena (id, student_id, ispitni_termin_id, poeni, vrednost_ocene) VALUES (338, 85, 22, 48, 8);
INSERT INTO ocena (id, student_id, ispitni_termin_id, poeni, vrednost_ocene) VALUES (339, 85, 86, 23, 5);
INSERT INTO ocena (id, student_id, ispitni_termin_id, poeni, vrednost_ocene) VALUES (340, 85, 43, 50, 8);
INSERT INTO ocena (id, student_id, ispitni_termin_id, poeni, vrednost_ocene) VALUES (341, 85, 64, 28, 6);
INSERT INTO ocena (id, student_id, ispitni_termin_id, poeni, vrednost_ocene) VALUES (342, 85, 58, 32, 6);
INSERT INTO ocena (id, student_id, ispitni_termin_id, poeni, vrednost_ocene) VALUES (343, 85, 46, 35, 7);
INSERT INTO ocena (id, student_id, ispitni_termin_id, poeni, vrednost_ocene) VALUES (344, 85, 5, 50, 8);
INSERT INTO ocena (id, student_id, ispitni_termin_id, poeni, vrednost_ocene) VALUES (345, 85, 29, 40, 7);
INSERT INTO ocena (id, student_id, ispitni_termin_id, poeni, vrednost_ocene) VALUES (346, 85, 30, 63, 10);
INSERT INTO ocena (id, student_id, ispitni_termin_id, poeni, vrednost_ocene) VALUES (347, 85, 1, 44, 8);
INSERT INTO ocena (id, student_id, ispitni_termin_id, poeni, vrednost_ocene) VALUES (348, 85, 31, 17, 5);
INSERT INTO ocena (id, student_id, ispitni_termin_id, poeni, vrednost_ocene) VALUES (349, 86, 75, 17, 5);
INSERT INTO ocena (id, student_id, ispitni_termin_id, poeni, vrednost_ocene) VALUES (350, 86, 39, 49, 8);
INSERT INTO ocena (id, student_id, ispitni_termin_id, poeni, vrednost_ocene) VALUES (351, 86, 118, 58, 9);
INSERT INTO ocena (id, student_id, ispitni_termin_id, poeni, vrednost_ocene) VALUES (352, 86, 50, 38, 7);
INSERT INTO ocena (id, student_id, ispitni_termin_id, poeni, vrednost_ocene) VALUES (353, 86, 99, 28, 6);
INSERT INTO ocena (id, student_id, ispitni_termin_id, poeni, vrednost_ocene) VALUES (354, 87, 69, 23, 5);
INSERT INTO ocena (id, student_id, ispitni_termin_id, poeni, vrednost_ocene) VALUES (355, 87, 111, 46, 8);
INSERT INTO ocena (id, student_id, ispitni_termin_id, poeni, vrednost_ocene) VALUES (356, 88, 71, 47, 8);
INSERT INTO ocena (id, student_id, ispitni_termin_id, poeni, vrednost_ocene) VALUES (357, 88, 72, 42, 7);
INSERT INTO ocena (id, student_id, ispitni_termin_id, poeni, vrednost_ocene) VALUES (358, 89, 95, 55, 9);
INSERT INTO ocena (id, student_id, ispitni_termin_id, poeni, vrednost_ocene) VALUES (359, 89, 73, 36, 7);
INSERT INTO ocena (id, student_id, ispitni_termin_id, poeni, vrednost_ocene) VALUES (360, 90, 56, 29, 6);
INSERT INTO ocena (id, student_id, ispitni_termin_id, poeni, vrednost_ocene) VALUES (361, 91, 43, 29, 6);
INSERT INTO ocena (id, student_id, ispitni_termin_id, poeni, vrednost_ocene) VALUES (362, 91, 107, 20, 5);
INSERT INTO ocena (id, student_id, ispitni_termin_id, poeni, vrednost_ocene) VALUES (363, 91, 104, 38, 7);
INSERT INTO ocena (id, student_id, ispitni_termin_id, poeni, vrednost_ocene) VALUES (364, 91, 108, 51, 8);
INSERT INTO ocena (id, student_id, ispitni_termin_id, poeni, vrednost_ocene) VALUES (365, 91, 66, 51, 8);
INSERT INTO ocena (id, student_id, ispitni_termin_id, poeni, vrednost_ocene) VALUES (366, 91, 76, 33, 6);
INSERT INTO ocena (id, student_id, ispitni_termin_id, poeni, vrednost_ocene) VALUES (367, 91, 29, 50, 8);
INSERT INTO ocena (id, student_id, ispitni_termin_id, poeni, vrednost_ocene) VALUES (368, 91, 2, 37, 7);
INSERT INTO ocena (id, student_id, ispitni_termin_id, poeni, vrednost_ocene) VALUES (369, 91, 22, 68, 10);
INSERT INTO ocena (id, student_id, ispitni_termin_id, poeni, vrednost_ocene) VALUES (370, 91, 47, 20, 5);
INSERT INTO ocena (id, student_id, ispitni_termin_id, poeni, vrednost_ocene) VALUES (371, 91, 65, 40, 7);
INSERT INTO ocena (id, student_id, ispitni_termin_id, poeni, vrednost_ocene) VALUES (372, 91, 61, 51, 8);
INSERT INTO ocena (id, student_id, ispitni_termin_id, poeni, vrednost_ocene) VALUES (373, 92, 50, 44, 8);
INSERT INTO ocena (id, student_id, ispitni_termin_id, poeni, vrednost_ocene) VALUES (374, 92, 118, 17, 5);
INSERT INTO ocena (id, student_id, ispitni_termin_id, poeni, vrednost_ocene) VALUES (375, 92, 19, 65, 10);
INSERT INTO ocena (id, student_id, ispitni_termin_id, poeni, vrednost_ocene) VALUES (376, 92, 17, 33, 6);
INSERT INTO ocena (id, student_id, ispitni_termin_id, poeni, vrednost_ocene) VALUES (377, 92, 78, 33, 6);
INSERT INTO ocena (id, student_id, ispitni_termin_id, poeni, vrednost_ocene) VALUES (378, 93, 12, 44, 8);
INSERT INTO ocena (id, student_id, ispitni_termin_id, poeni, vrednost_ocene) VALUES (379, 93, 111, 48, 8);
INSERT INTO ocena (id, student_id, ispitni_termin_id, poeni, vrednost_ocene) VALUES (380, 94, 93, 55, 9);
INSERT INTO ocena (id, student_id, ispitni_termin_id, poeni, vrednost_ocene) VALUES (381, 94, 33, 47, 8);
INSERT INTO ocena (id, student_id, ispitni_termin_id, poeni, vrednost_ocene) VALUES (382, 95, 55, 50, 8);
INSERT INTO ocena (id, student_id, ispitni_termin_id, poeni, vrednost_ocene) VALUES (383, 95, 14, 47, 8);
INSERT INTO ocena (id, student_id, ispitni_termin_id, poeni, vrednost_ocene) VALUES (384, 96, 56, 62, 10);
INSERT INTO ocena (id, student_id, ispitni_termin_id, poeni, vrednost_ocene) VALUES (385, 97, 103, 54, 9);
INSERT INTO ocena (id, student_id, ispitni_termin_id, poeni, vrednost_ocene) VALUES (386, 97, 84, 42, 7);
INSERT INTO ocena (id, student_id, ispitni_termin_id, poeni, vrednost_ocene) VALUES (387, 97, 45, 21, 5);
INSERT INTO ocena (id, student_id, ispitni_termin_id, poeni, vrednost_ocene) VALUES (388, 97, 80, 31, 6);
INSERT INTO ocena (id, student_id, ispitni_termin_id, poeni, vrednost_ocene) VALUES (389, 97, 9, 59, 9);
INSERT INTO ocena (id, student_id, ispitni_termin_id, poeni, vrednost_ocene) VALUES (390, 97, 6, 59, 9);
INSERT INTO ocena (id, student_id, ispitni_termin_id, poeni, vrednost_ocene) VALUES (391, 97, 101, 55, 9);
INSERT INTO ocena (id, student_id, ispitni_termin_id, poeni, vrednost_ocene) VALUES (392, 97, 8, 62, 10);
INSERT INTO ocena (id, student_id, ispitni_termin_id, poeni, vrednost_ocene) VALUES (393, 97, 10, 67, 10);
INSERT INTO ocena (id, student_id, ispitni_termin_id, poeni, vrednost_ocene) VALUES (394, 97, 98, 68, 10);
INSERT INTO ocena (id, student_id, ispitni_termin_id, poeni, vrednost_ocene) VALUES (395, 97, 47, 24, 5);
INSERT INTO ocena (id, student_id, ispitni_termin_id, poeni, vrednost_ocene) VALUES (396, 97, 62, 59, 9);
INSERT INTO ocena (id, student_id, ispitni_termin_id, poeni, vrednost_ocene) VALUES (397, 98, 109, 36, 7);
INSERT INTO ocena (id, student_id, ispitni_termin_id, poeni, vrednost_ocene) VALUES (398, 98, 21, 46, 8);
INSERT INTO ocena (id, student_id, ispitni_termin_id, poeni, vrednost_ocene) VALUES (399, 98, 77, 35, 7);
INSERT INTO ocena (id, student_id, ispitni_termin_id, poeni, vrednost_ocene) VALUES (400, 98, 57, 54, 9);
INSERT INTO ocena (id, student_id, ispitni_termin_id, poeni, vrednost_ocene) VALUES (401, 98, 60, 24, 5);
INSERT INTO ocena (id, student_id, ispitni_termin_id, poeni, vrednost_ocene) VALUES (402, 99, 12, 27, 6);
INSERT INTO ocena (id, student_id, ispitni_termin_id, poeni, vrednost_ocene) VALUES (403, 99, 111, 50, 8);
INSERT INTO ocena (id, student_id, ispitni_termin_id, poeni, vrednost_ocene) VALUES (404, 100, 72, 38, 7);
INSERT INTO ocena (id, student_id, ispitni_termin_id, poeni, vrednost_ocene) VALUES (405, 100, 71, 39, 7);
INSERT INTO ocena (id, student_id, ispitni_termin_id, poeni, vrednost_ocene) VALUES (406, 101, 73, 23, 5);
INSERT INTO ocena (id, student_id, ispitni_termin_id, poeni, vrednost_ocene) VALUES (407, 101, 55, 45, 8);
INSERT INTO ocena (id, student_id, ispitni_termin_id, poeni, vrednost_ocene) VALUES (408, 102, 56, 60, 9);
INSERT INTO ocena (id, student_id, ispitni_termin_id, poeni, vrednost_ocene) VALUES (409, 103, 65, 55, 9);
INSERT INTO ocena (id, student_id, ispitni_termin_id, poeni, vrednost_ocene) VALUES (410, 103, 66, 65, 10);
INSERT INTO ocena (id, student_id, ispitni_termin_id, poeni, vrednost_ocene) VALUES (411, 103, 86, 67, 10);
INSERT INTO ocena (id, student_id, ispitni_termin_id, poeni, vrednost_ocene) VALUES (412, 103, 58, 56, 9);
INSERT INTO ocena (id, student_id, ispitni_termin_id, poeni, vrednost_ocene) VALUES (413, 103, 61, 59, 9);
INSERT INTO ocena (id, student_id, ispitni_termin_id, poeni, vrednost_ocene) VALUES (414, 103, 43, 29, 6);
INSERT INTO ocena (id, student_id, ispitni_termin_id, poeni, vrednost_ocene) VALUES (415, 103, 87, 35, 7);
INSERT INTO ocena (id, student_id, ispitni_termin_id, poeni, vrednost_ocene) VALUES (416, 103, 102, 60, 9);
INSERT INTO ocena (id, student_id, ispitni_termin_id, poeni, vrednost_ocene) VALUES (417, 103, 29, 32, 6);
INSERT INTO ocena (id, student_id, ispitni_termin_id, poeni, vrednost_ocene) VALUES (418, 103, 104, 56, 9);
INSERT INTO ocena (id, student_id, ispitni_termin_id, poeni, vrednost_ocene) VALUES (419, 103, 41, 59, 9);
INSERT INTO ocena (id, student_id, ispitni_termin_id, poeni, vrednost_ocene) VALUES (420, 103, 10, 59, 9);
INSERT INTO ocena (id, student_id, ispitni_termin_id, poeni, vrednost_ocene) VALUES (421, 104, 97, 63, 10);
INSERT INTO ocena (id, student_id, ispitni_termin_id, poeni, vrednost_ocene) VALUES (422, 104, 50, 44, 8);
INSERT INTO ocena (id, student_id, ispitni_termin_id, poeni, vrednost_ocene) VALUES (423, 104, 116, 59, 9);
INSERT INTO ocena (id, student_id, ispitni_termin_id, poeni, vrednost_ocene) VALUES (424, 104, 78, 44, 8);
INSERT INTO ocena (id, student_id, ispitni_termin_id, poeni, vrednost_ocene) VALUES (425, 104, 21, 47, 8);
INSERT INTO ocena (id, student_id, ispitni_termin_id, poeni, vrednost_ocene) VALUES (426, 105, 69, 55, 9);
INSERT INTO ocena (id, student_id, ispitni_termin_id, poeni, vrednost_ocene) VALUES (427, 105, 70, 48, 8);
INSERT INTO ocena (id, student_id, ispitni_termin_id, poeni, vrednost_ocene) VALUES (428, 106, 33, 58, 9);
INSERT INTO ocena (id, student_id, ispitni_termin_id, poeni, vrednost_ocene) VALUES (429, 106, 72, 60, 9);
INSERT INTO ocena (id, student_id, ispitni_termin_id, poeni, vrednost_ocene) VALUES (430, 107, 14, 58, 9);
INSERT INTO ocena (id, student_id, ispitni_termin_id, poeni, vrednost_ocene) VALUES (431, 107, 15, 54, 9);
INSERT INTO ocena (id, student_id, ispitni_termin_id, poeni, vrednost_ocene) VALUES (432, 108, 56, 55, 9);
INSERT INTO ocena (id, student_id, ispitni_termin_id, poeni, vrednost_ocene) VALUES (433, 109, 28, 44, 8);
INSERT INTO ocena (id, student_id, ispitni_termin_id, poeni, vrednost_ocene) VALUES (434, 109, 102, 41, 7);
INSERT INTO ocena (id, student_id, ispitni_termin_id, poeni, vrednost_ocene) VALUES (435, 109, 81, 20, 5);
INSERT INTO ocena (id, student_id, ispitni_termin_id, poeni, vrednost_ocene) VALUES (436, 109, 66, 54, 9);
INSERT INTO ocena (id, student_id, ispitni_termin_id, poeni, vrednost_ocene) VALUES (437, 109, 98, 28, 6);
INSERT INTO ocena (id, student_id, ispitni_termin_id, poeni, vrednost_ocene) VALUES (438, 109, 45, 48, 8);
INSERT INTO ocena (id, student_id, ispitni_termin_id, poeni, vrednost_ocene) VALUES (439, 109, 29, 59, 9);
INSERT INTO ocena (id, student_id, ispitni_termin_id, poeni, vrednost_ocene) VALUES (440, 109, 108, 40, 7);
INSERT INTO ocena (id, student_id, ispitni_termin_id, poeni, vrednost_ocene) VALUES (441, 109, 63, 57, 9);
INSERT INTO ocena (id, student_id, ispitni_termin_id, poeni, vrednost_ocene) VALUES (442, 109, 87, 58, 9);
INSERT INTO ocena (id, student_id, ispitni_termin_id, poeni, vrednost_ocene) VALUES (443, 109, 4, 40, 7);
INSERT INTO ocena (id, student_id, ispitni_termin_id, poeni, vrednost_ocene) VALUES (444, 109, 80, 23, 5);
INSERT INTO ocena (id, student_id, ispitni_termin_id, poeni, vrednost_ocene) VALUES (445, 110, 50, 46, 8);
INSERT INTO ocena (id, student_id, ispitni_termin_id, poeni, vrednost_ocene) VALUES (446, 110, 117, 19, 5);
INSERT INTO ocena (id, student_id, ispitni_termin_id, poeni, vrednost_ocene) VALUES (447, 110, 39, 44, 8);
INSERT INTO ocena (id, student_id, ispitni_termin_id, poeni, vrednost_ocene) VALUES (448, 110, 57, 47, 8);
INSERT INTO ocena (id, student_id, ispitni_termin_id, poeni, vrednost_ocene) VALUES (449, 110, 100, 51, 8);
INSERT INTO ocena (id, student_id, ispitni_termin_id, poeni, vrednost_ocene) VALUES (450, 111, 69, 46, 8);
INSERT INTO ocena (id, student_id, ispitni_termin_id, poeni, vrednost_ocene) VALUES (451, 111, 13, 56, 9);
INSERT INTO ocena (id, student_id, ispitni_termin_id, poeni, vrednost_ocene) VALUES (452, 112, 92, 51, 8);
INSERT INTO ocena (id, student_id, ispitni_termin_id, poeni, vrednost_ocene) VALUES (453, 112, 93, 54, 9);
INSERT INTO ocena (id, student_id, ispitni_termin_id, poeni, vrednost_ocene) VALUES (454, 113, 114, 44, 8);
INSERT INTO ocena (id, student_id, ispitni_termin_id, poeni, vrednost_ocene) VALUES (455, 113, 113, 41, 7);
INSERT INTO ocena (id, student_id, ispitni_termin_id, poeni, vrednost_ocene) VALUES (456, 114, 115, 57, 9);
INSERT INTO ocena (id, student_id, ispitni_termin_id, poeni, vrednost_ocene) VALUES (457, 115, 30, 56, 9);
INSERT INTO ocena (id, student_id, ispitni_termin_id, poeni, vrednost_ocene) VALUES (458, 115, 7, 46, 8);
INSERT INTO ocena (id, student_id, ispitni_termin_id, poeni, vrednost_ocene) VALUES (459, 115, 43, 48, 8);
INSERT INTO ocena (id, student_id, ispitni_termin_id, poeni, vrednost_ocene) VALUES (460, 115, 108, 54, 9);
INSERT INTO ocena (id, student_id, ispitni_termin_id, poeni, vrednost_ocene) VALUES (461, 115, 38, 53, 9);
INSERT INTO ocena (id, student_id, ispitni_termin_id, poeni, vrednost_ocene) VALUES (462, 115, 41, 37, 7);
INSERT INTO ocena (id, student_id, ispitni_termin_id, poeni, vrednost_ocene) VALUES (463, 115, 26, 47, 8);
INSERT INTO ocena (id, student_id, ispitni_termin_id, poeni, vrednost_ocene) VALUES (464, 115, 102, 39, 7);
INSERT INTO ocena (id, student_id, ispitni_termin_id, poeni, vrednost_ocene) VALUES (465, 115, 85, 27, 6);
INSERT INTO ocena (id, student_id, ispitni_termin_id, poeni, vrednost_ocene) VALUES (466, 115, 65, 49, 8);
INSERT INTO ocena (id, student_id, ispitni_termin_id, poeni, vrednost_ocene) VALUES (467, 115, 29, 44, 8);
INSERT INTO ocena (id, student_id, ispitni_termin_id, poeni, vrednost_ocene) VALUES (468, 115, 1, 49, 8);
INSERT INTO ocena (id, student_id, ispitni_termin_id, poeni, vrednost_ocene) VALUES (469, 116, 77, 67, 10);
INSERT INTO ocena (id, student_id, ispitni_termin_id, poeni, vrednost_ocene) VALUES (470, 116, 97, 60, 9);
INSERT INTO ocena (id, student_id, ispitni_termin_id, poeni, vrednost_ocene) VALUES (471, 116, 79, 53, 9);
INSERT INTO ocena (id, student_id, ispitni_termin_id, poeni, vrednost_ocene) VALUES (472, 116, 20, 62, 10);
INSERT INTO ocena (id, student_id, ispitni_termin_id, poeni, vrednost_ocene) VALUES (473, 116, 11, 42, 7);
INSERT INTO ocena (id, student_id, ispitni_termin_id, poeni, vrednost_ocene) VALUES (474, 117, 52, 66, 10);
INSERT INTO ocena (id, student_id, ispitni_termin_id, poeni, vrednost_ocene) VALUES (475, 117, 32, 63, 10);
INSERT INTO ocena (id, student_id, ispitni_termin_id, poeni, vrednost_ocene) VALUES (476, 118, 33, 64, 10);
INSERT INTO ocena (id, student_id, ispitni_termin_id, poeni, vrednost_ocene) VALUES (477, 118, 53, 47, 8);
INSERT INTO ocena (id, student_id, ispitni_termin_id, poeni, vrednost_ocene) VALUES (478, 119, 113, 24, 5);
INSERT INTO ocena (id, student_id, ispitni_termin_id, poeni, vrednost_ocene) VALUES (479, 119, 15, 24, 5);
INSERT INTO ocena (id, student_id, ispitni_termin_id, poeni, vrednost_ocene) VALUES (480, 120, 16, 59, 9);
SELECT setval(pg_get_serial_sequence('predmet','id'), (SELECT MAX(id) FROM predmet));
SELECT setval(pg_get_serial_sequence('ocena','id'), (SELECT MAX(id) FROM ocena));
